file,class,type,cbo,cboModified,fanin,fanout,wmc,dit,noc,rfc,lcom,lcom*,tcc,lcc,totalMethodsQty,staticMethodsQty,publicMethodsQty,privateMethodsQty,protectedMethodsQty,defaultMethodsQty,visibleMethodsQty,abstractMethodsQty,finalMethodsQty,synchronizedMethodsQty,totalFieldsQty,staticFieldsQty,publicFieldsQty,privateFieldsQty,protectedFieldsQty,defaultFieldsQty,finalFieldsQty,synchronizedFieldsQty,nosi,loc,returnQty,loopQty,comparisonsQty,tryCatchQty,parenthesizedExpsQty,stringLiteralsQty,numbersQty,assignmentsQty,mathOperationsQty,variablesQty,maxNestedBlocksQty,anonymousClassesQty,innerClassesQty,lambdasQty,uniqueWordsQty,modifiers,logStatementsQty
Project/google-api-java-client/google-api-client-appengine/src/test/java/com/google/api/client/googleapis/extensions/appengine/auth/oauth2/AppIdentityCredentialTest.java,com.google.api.client.googleapis.extensions.appengine.auth.oauth2.AppIdentityCredentialTest,class,12,12,0,12,9,2,0,28,3,0.33333334,0.4,0.4,6,0,6,0,0,0,6,0,0,0,1,1,0,1,0,0,1,0,5,86,0,0,0,3,0,9,4,35,0,34,1,0,0,0,66,1,0
Project/google-api-java-client/google-api-client/src/main/java/com/google/api/client/googleapis/testing/json/GoogleJsonResponseExceptionFactoryTesting.java,com.google.api.client.googleapis.testing.json.GoogleJsonResponseExceptionFactoryTesting,class,7,8,1,7,1,1,0,11,0,0.0,NaN,NaN,1,1,1,0,0,0,1,0,0,0,0,0,0,0,0,0,0,0,1,10,1,0,0,0,0,4,0,4,1,4,0,0,0,0,87,17,0
Project/google-api-java-client/google-api-client/src/main/java/com/google/api/client/googleapis/notifications/UnparsedNotificationCallback.java,com.google.api.client.googleapis.notifications.UnparsedNotificationCallback,interface,3,7,4,3,1,1,0,0,0,0.0,NaN,NaN,1,0,0,0,0,1,1,0,0,0,0,0,0,0,0,0,0,0,0,3,0,0,0,0,0,0,0,0,0,0,0,0,0,0,64,1,0
Project/google-api-java-client/google-api-client/src/test/java/com/google/api/client/googleapis/auth/oauth2/GooglePublicKeysManagerTest.java,com.google.api.client.googleapis.auth.oauth2.GooglePublicKeysManagerTest,class,10,10,0,10,4,3,0,13,4,0.75,0.16666667,0.16666667,4,0,4,0,0,0,4,0,0,0,3,3,0,3,0,0,3,0,0,52,0,0,0,0,1,28,14,12,5,11,0,0,1,0,96,1,0
Project/google-api-java-client/google-api-client/src/test/java/com/google/api/client/googleapis/mtls/MtlsUtilsTest.java,com.google.api.client.googleapis.mtls.MtlsUtilsTest,class,6,6,0,6,11,2,0,17,36,0.0,0.0,0.0,9,0,9,0,0,0,9,0,0,0,0,0,0,0,0,0,0,0,3,93,0,0,0,2,0,20,8,13,0,13,1,0,2,0,64,1,0
Project/google-api-java-client/google-api-client/src/main/java/com/google/api/client/googleapis/mtls/MtlsProvider.java,com.google.api.client.googleapis.mtls.MtlsProvider,interface,1,11,10,1,3,1,0,0,3,0.0,0.0,0.0,3,0,0,0,0,3,3,0,0,0,0,0,0,0,0,0,0,0,0,5,0,0,0,0,0,0,0,0,0,0,0,0,0,0,39,1,0
Project/google-api-java-client/google-api-client/src/main/java/com/google/api/client/googleapis/testing/services/json/MockGoogleJsonClient.java,com.google.api.client.googleapis.testing.services.json.MockGoogleJsonClient,class,7,12,5,7,2,5,0,0,1,0.0,0.0,0.0,2,0,1,0,1,0,2,0,0,0,0,0,0,0,0,0,0,0,0,40,0,0,0,0,0,0,0,0,0,0,0,0,1,0,53,1,0
Project/google-api-java-client/google-api-client/src/main/java/com/google/api/client/googleapis/auth/oauth2/GoogleIdTokenVerifier.java,com.google.api.client.googleapis.auth.oauth2.GoogleIdTokenVerifier$Builder,innerclass,9,9,0,9,13,2,0,17,48,0.53846157,0.1923077,0.1923077,13,0,13,0,0,0,13,0,4,0,1,0,0,0,0,1,0,0,1,44,11,0,0,0,0,2,0,2,0,1,0,0,0,0,76,9,0
Project/google-api-java-client/google-api-client/src/test/java/com/google/api/client/googleapis/auth/oauth2/DefaultCredentialProviderTest.java,com.google.api.client.googleapis.auth.oauth2.DefaultCredentialProviderTest$MockRequestUrlRecordingTransport,innerclass,3,3,0,3,4,2,0,2,4,0.5,0.16666667,0.16666667,4,0,1,0,0,3,4,0,0,0,1,0,0,0,0,1,0,0,0,21,3,0,0,0,0,0,0,2,0,2,0,1,0,0,16,10,0
Project/google-api-java-client/google-api-client/src/main/java/com/google/api/client/googleapis/testing/auth/oauth2/MockTokenServerTransport.java,com.google.api.client.googleapis.testing.auth.oauth2.MockTokenServerTransport$Anonymous1,anonymous,5,5,0,5,11,1,0,15,0,0.0,NaN,NaN,1,0,1,0,0,0,1,0,0,0,0,0,0,0,0,0,0,0,1,51,1,0,4,0,0,18,2,17,0,15,2,0,0,0,50,-1,0
Project/google-api-java-client/google-api-client/src/main/java/com/google/api/client/googleapis/batch/BatchRequest.java,com.google.api.client.googleapis.batch.BatchRequest$RequestInfo,innerclass,4,4,0,4,1,1,0,0,0,0.0,NaN,NaN,1,0,0,0,0,1,1,0,0,0,4,0,0,0,0,4,4,0,0,12,0,0,0,0,0,0,0,4,0,4,0,0,0,0,15,8,0
Project/google-api-java-client/google-api-client/src/main/java/com/google/api/client/googleapis/services/json/AbstractGoogleJsonClientRequest.java,com.google.api.client.googleapis.services.json.AbstractGoogleJsonClientRequest,class,11,16,5,11,10,3,0,12,26,0.75,0.035714287,0.035714287,8,0,6,0,2,0,8,0,1,0,1,0,0,1,0,0,1,0,1,28,6,0,1,0,0,1,0,1,0,1,0,0,0,0,105,1025,0
Project/google-api-java-client/google-api-client/src/test/java/com/google/api/client/googleapis/auth/oauth2/GoogleIdTokenVerifierTest.java,com.google.api.client.googleapis.auth.oauth2.GoogleIdTokenVerifierTest,class,13,14,1,13,3,2,0,21,3,0.6666667,0.0,0.0,3,1,2,1,0,0,2,0,0,0,3,3,0,3,0,0,3,0,3,41,1,0,0,0,0,5,7,14,1,13,0,0,0,0,46,1,0
Project/google-api-java-client/google-api-client/src/test/java/com/google/api/client/googleapis/auth/oauth2/DefaultCredentialProviderTest.java,com.google.api.client.googleapis.auth.oauth2.DefaultCredentialProviderTest$MockAppEngineSystemProperty,innerclass,1,1,0,1,0,1,0,0,0,NaN,-1.0,-1.0,0,0,0,0,0,0,0,0,0,0,1,1,1,0,0,0,1,0,0,3,0,0,0,0,0,1,0,1,0,1,0,0,0,0,7,10,0
Project/google-api-java-client/google-api-client/src/test/java/com/google/api/client/googleapis/media/MediaHttpUploaderTest.java,com.google.api.client.googleapis.media.MediaHttpUploaderTest$TimeoutRequestInitializer$TimingInterceptor,innerclass,2,2,0,2,3,1,0,2,0,0.0,1.0,1.0,2,0,1,0,0,1,2,0,0,0,1,0,0,1,0,0,0,0,2,9,0,0,0,0,0,1,1,1,1,1,0,0,0,0,18,0,0
Project/google-api-java-client/google-api-client/src/main/java/com/google/api/client/googleapis/auth/oauth2/GoogleIdToken.java,com.google.api.client.googleapis.auth.oauth2.GoogleIdToken,class,10,14,4,10,4,3,0,8,6,0.0,0.0,0.0,4,1,4,0,0,0,4,0,0,0,0,0,0,0,0,0,0,0,0,109,3,0,0,0,0,1,0,1,0,1,0,0,1,0,73,1,0
Project/google-api-java-client/google-api-client/src/test/java/com/google/api/client/googleapis/batch/BatchRequestTest.java,com.google.api.client.googleapis.batch.BatchRequestTest$MockCredential,innerclass,3,3,0,3,3,1,0,1,3,0.6666667,0.0,0.0,3,0,2,0,0,1,3,0,0,0,2,0,0,0,0,2,0,0,0,13,0,0,0,0,0,0,0,4,0,2,0,0,0,0,14,10,0
Project/google-api-java-client/google-api-client/src/main/java/com/google/api/client/googleapis/testing/auth/oauth2/MockTokenServerTransport.java,com.google.api.client.googleapis.testing.auth.oauth2.MockTokenServerTransport,class,8,11,3,8,9,2,0,7,19,0.875,0.06666667,0.06666667,7,0,6,1,0,0,6,0,0,0,8,4,0,2,0,6,5,0,1,89,4,0,0,0,0,4,0,8,1,8,1,1,0,0,78,1,0
Project/google-api-java-client/google-api-client-android/src/main/java/com/google/api/client/googleapis/extensions/android/accounts/GoogleAccountManager.java,com.google.api.client.googleapis.extensions.android.accounts.GoogleAccountManager,class,5,7,2,5,9,1,0,6,3,0.5833333,0.4,0.4,6,0,6,0,0,0,6,0,0,0,2,1,1,1,0,0,2,0,0,29,4,1,1,0,0,2,0,2,0,2,3,0,0,0,59,17,0
Project/google-api-java-client/google-api-client/src/main/java/com/google/api/client/googleapis/mtls/MtlsUtils.java,com.google.api.client.googleapis.mtls.MtlsUtils$DefaultMtlsProvider$SystemEnvironmentProvider,innerclass,1,1,0,1,1,1,0,1,0,0.0,NaN,NaN,1,0,1,0,0,0,1,0,0,0,0,0,0,0,0,0,0,0,1,5,1,0,0,0,0,0,0,0,0,0,0,0,0,0,5,8,0
Project/google-api-java-client/google-api-client/src/main/java/com/google/api/client/googleapis/testing/compute/MockMetadataServerTransport.java,com.google.api.client.googleapis.testing.compute.MockMetadataServerTransport$Anonymous2,anonymous,2,2,0,2,1,1,0,1,0,0.0,NaN,NaN,1,0,1,0,0,0,1,0,0,0,0,0,0,0,0,0,0,0,0,7,1,0,0,0,0,2,0,1,0,1,0,0,0,0,7,-1,0
Project/google-api-java-client/google-api-client/src/main/java/com/google/api/client/googleapis/testing/compute/MockMetadataServerTransport.java,com.google.api.client.googleapis.testing.compute.MockMetadataServerTransport$Anonymous1,anonymous,3,3,0,3,3,1,0,8,0,0.0,NaN,NaN,1,0,1,0,0,0,1,0,0,0,0,0,0,0,0,0,0,0,0,20,2,0,1,0,0,8,1,5,0,5,1,0,0,0,39,-1,0
Project/google-api-java-client/google-api-client-protobuf/src/main/java/com/google/api/client/googleapis/services/protobuf/AbstractGoogleProtoClient.java,com.google.api.client.googleapis.services.protobuf.AbstractGoogleProtoClient$Builder,innerclass,8,8,0,8,11,2,0,9,55,0.0,0.0,0.0,11,0,10,0,1,0,11,1,1,0,0,0,0,0,0,0,0,0,0,33,9,0,0,0,0,0,0,0,0,0,0,0,0,0,52,1033,0
Project/google-api-java-client/google-api-client/src/test/java/com/google/api/client/googleapis/json/GoogleJsonErrorTest.java,com.google.api.client.googleapis.json.GoogleJsonErrorTest$ErrorTransport,innerclass,4,4,0,4,4,2,0,4,0,0.25,0.5,0.5,4,0,1,0,0,3,4,0,0,0,1,0,0,0,0,1,1,0,0,15,1,0,0,0,0,0,0,2,0,1,0,0,0,0,14,8,0
Project/google-api-java-client/google-api-client/src/main/java/com/google/api/client/googleapis/auth/oauth2/GoogleClientSecrets.java,com.google.api.client.googleapis.auth.oauth2.GoogleClientSecrets$Details,innerclass,3,3,0,3,12,2,0,2,56,0.8333333,0.07575758,0.07575758,12,0,12,0,0,0,12,0,0,0,5,0,0,5,0,0,0,0,0,48,12,0,0,0,0,5,0,5,0,5,0,0,0,0,27,25,0
Project/google-api-java-client/google-api-client/src/main/java/com/google/api/client/googleapis/notifications/ResourceStates.java,com.google.api.client.googleapis.notifications.ResourceStates,class,1,1,0,1,1,1,0,0,0,1.0,-1.0,-1.0,1,0,0,1,0,0,0,0,0,0,3,3,3,0,0,0,3,0,0,7,0,0,0,0,0,3,0,3,0,3,0,0,0,0,37,17,0
Project/google-api-java-client/google-api-client/src/test/java/com/google/api/client/googleapis/testing/json/GoogleJsonResponseExceptionFactoryTestingTest.java,com.google.api.client.googleapis.testing.json.GoogleJsonResponseExceptionFactoryTestingTest,class,5,5,0,5,1,2,0,4,0,0.0,NaN,NaN,1,0,1,0,0,0,1,0,0,0,3,3,0,3,0,0,3,0,1,10,0,0,0,0,0,1,1,4,0,4,0,0,0,0,34,1,0
Project/google-api-java-client/google-api-client/src/test/java/com/google/api/client/googleapis/services/AbstractGoogleClientRequestTest.java,com.google.api.client.googleapis.services.AbstractGoogleClientRequestTest$Anonymous3$Anonymous4,anonymous,2,2,0,2,1,1,0,1,0,0.0,NaN,NaN,1,0,1,0,0,0,1,0,0,0,0,0,0,0,0,0,0,0,0,7,1,0,0,0,0,2,0,0,0,0,0,0,0,0,12,-1,0
Project/google-api-java-client/google-api-client/src/main/java/com/google/api/client/googleapis/services/AbstractGoogleClientRequest.java,com.google.api.client.googleapis.services.AbstractGoogleClientRequest$Anonymous3,anonymous,2,2,0,2,4,1,0,4,0,0.0,NaN,NaN,1,0,1,0,0,0,1,0,0,0,0,0,0,0,0,0,0,0,0,10,0,0,1,0,0,0,0,0,0,0,1,0,0,0,12,-1,0
Project/google-api-java-client/google-api-client/src/main/java/com/google/api/client/googleapis/testing/auth/oauth2/MockGoogleCredential.java,com.google.api.client.googleapis.testing.auth.oauth2.MockGoogleCredential$Builder,innerclass,11,11,0,11,8,3,0,11,10,0.0,0.0,0.0,5,0,5,0,0,0,5,0,0,0,0,0,0,0,0,0,0,0,0,26,5,0,3,0,0,0,0,0,0,0,1,0,0,0,68,9,0
Project/google-api-java-client/google-api-client/src/main/java/com/google/api/client/googleapis/MethodOverride.java,com.google.api.client.googleapis.MethodOverride,class,6,11,5,6,10,1,0,16,8,0.73333335,0.0,0.0,5,0,3,1,0,1,4,0,0,0,3,2,1,1,0,1,3,0,0,51,3,0,1,0,0,1,1,5,0,5,2,0,1,0,126,17,0
Project/google-api-java-client/google-api-client/src/test/java/com/google/api/client/googleapis/media/MediaHttpUploaderTest.java,com.google.api.client.googleapis.media.MediaHttpUploaderTest$ZeroBackOffRequestInitializer,innerclass,4,4,0,4,1,1,0,2,0,0.0,NaN,NaN,1,0,1,0,0,0,1,0,0,0,0,0,0,0,0,0,0,0,0,6,0,0,0,0,0,0,0,0,0,0,0,0,0,0,14,8,0
Project/google-api-java-client/google-api-client/src/test/java/com/google/api/client/googleapis/auth/oauth2/GoogleAuthorizationCodeFlowTest.java,com.google.api.client.googleapis.auth.oauth2.GoogleAuthorizationCodeFlowTest,class,4,4,0,4,1,2,0,4,0,0.0,NaN,NaN,1,0,1,0,0,0,1,0,0,0,2,2,0,2,0,0,2,0,0,9,0,0,0,0,0,3,0,3,0,3,0,0,0,0,32,1,0
Project/google-api-java-client/google-api-client/src/main/java/com/google/api/client/googleapis/services/AbstractGoogleClientRequest.java,com.google.api.client.googleapis.services.AbstractGoogleClientRequest$Anonymous2,anonymous,2,2,0,2,1,1,0,3,0,0.0,NaN,NaN,1,0,1,0,0,0,1,0,0,0,0,0,0,0,0,0,0,0,0,7,0,0,0,0,0,0,0,1,0,1,0,0,0,0,11,-1,0
Project/google-api-java-client/google-api-client/src/main/java/com/google/api/client/googleapis/services/AbstractGoogleClientRequest.java,com.google.api.client.googleapis.services.AbstractGoogleClientRequest$Anonymous1,anonymous,2,2,0,2,1,1,0,2,0,0.0,NaN,NaN,1,0,1,0,0,0,1,0,0,0,0,0,0,0,0,0,0,0,0,6,0,0,0,0,0,0,0,1,0,1,0,0,0,0,8,-1,0
Project/google-api-java-client/google-api-client/src/test/java/com/google/api/client/googleapis/services/AbstractGoogleClientTest.java,com.google.api.client.googleapis.services.AbstractGoogleClientTest,class,22,22,0,22,10,3,0,28,0,0.5185185,1.0,1.0,9,0,9,0,0,0,9,0,0,0,6,6,0,6,0,0,6,0,0,182,0,1,0,0,0,42,1,53,1,50,1,0,5,0,105,1,0
Project/google-api-java-client/google-api-client/src/test/java/com/google/api/client/googleapis/services/json/CommonGoogleJsonClientRequestInitializerTest.java,com.google.api.client.googleapis.services.json.CommonGoogleJsonClientRequestInitializerTest,class,8,8,0,8,1,5,0,5,0,0.0,NaN,NaN,1,0,1,0,0,0,1,0,0,0,0,0,0,0,0,0,0,0,0,16,0,0,0,0,0,6,0,3,0,3,0,0,1,0,26,1,0
Project/google-api-java-client/google-api-client/src/test/java/com/google/api/client/googleapis/media/MediaHttpUploaderTest.java,com.google.api.client.googleapis.media.MediaHttpUploaderTest$ResumableErrorMediaTransport,innerclass,4,4,0,4,4,2,0,2,3,0.0,0.0,0.0,3,0,2,0,0,1,3,0,0,0,0,0,0,0,0,0,0,0,0,30,3,0,0,0,0,1,0,0,0,0,1,2,0,0,20,8,0
Project/google-api-java-client/google-api-client/src/test/java/com/google/api/client/googleapis/batch/BatchRequestTest.java,com.google.api.client.googleapis.batch.BatchRequestTest$Anonymous2$Anonymous3,anonymous,2,2,0,2,1,1,0,13,0,0.0,NaN,NaN,1,0,1,0,0,0,1,0,0,0,0,0,0,0,0,0,0,0,0,18,1,0,0,0,0,20,1,5,7,5,0,0,0,0,50,-1,0
Project/google-api-java-client/google-api-client/src/test/java/com/google/api/client/googleapis/batch/BatchRequestTest.java,com.google.api.client.googleapis.batch.BatchRequestTest$Anonymous5,anonymous,0,0,0,0,4,1,0,0,6,0.0,0.0,0.0,4,0,4,0,0,0,4,0,0,0,0,0,0,0,0,0,0,0,0,13,3,0,0,0,0,0,1,0,0,0,0,0,0,0,12,-1,0
Project/google-api-java-client/google-api-client-jackson2/src/main/java/com/google/api/client/googleapis/notifications/json/jackson2/JacksonNotificationCallback.java,com.google.api.client.googleapis.notifications.json.jackson2.JacksonNotificationCallback,class,4,4,0,4,1,3,0,1,0,1.0,NaN,NaN,1,0,0,0,1,0,1,0,0,0,1,1,0,1,0,0,1,0,0,6,1,0,0,0,0,0,1,1,0,1,0,0,0,0,61,1025,0
Project/google-api-java-client/google-api-client-android/src/main/java/com/google/api/client/googleapis/extensions/android/gms/auth/GoogleAccountCredential.java,com.google.api.client.googleapis.extensions.android.gms.auth.GoogleAccountCredential$RequestHandler,innerclass,9,9,0,9,8,1,0,5,0,0.25,1.0,1.0,2,0,2,0,0,0,2,0,0,0,2,0,0,0,0,2,0,0,0,32,2,0,1,2,0,1,1,2,1,2,2,0,0,0,35,0,0
Project/google-api-java-client/google-api-client/src/test/java/com/google/api/client/googleapis/batch/BatchRequestTest.java,com.google.api.client.googleapis.batch.BatchRequestTest$Anonymous4,anonymous,1,1,0,1,2,1,0,0,1,0.0,0.0,0.0,2,0,2,0,0,0,2,0,0,0,0,0,0,0,0,0,0,0,0,6,0,0,0,0,0,0,0,0,0,0,0,0,0,0,7,-1,0
Project/google-api-java-client/google-api-client/src/test/java/com/google/api/client/googleapis/batch/BatchRequestTest.java,com.google.api.client.googleapis.batch.BatchRequestTest$Anonymous2,anonymous,3,3,0,3,1,1,0,0,0,0.0,NaN,NaN,1,0,1,0,0,0,1,0,0,0,0,0,0,0,0,0,0,0,0,23,1,0,0,0,0,0,0,0,0,0,0,1,0,0,7,-1,0
Project/google-api-java-client/google-api-client/src/test/java/com/google/api/client/googleapis/services/AbstractGoogleClientRequestTest.java,com.google.api.client.googleapis.services.AbstractGoogleClientRequestTest$AssertUserAgentTransport,innerclass,4,4,0,4,1,2,0,0,0,1.0,NaN,NaN,1,0,1,0,0,0,1,0,0,0,1,0,0,0,0,1,0,0,0,12,1,0,0,0,0,0,0,0,0,1,0,1,0,0,15,2,0
Project/google-api-java-client/google-api-client/src/test/java/com/google/api/client/googleapis/auth/oauth2/GoogleIdTokenTest.java,com.google.api.client.googleapis.auth.oauth2.GoogleIdTokenTest,class,3,4,1,3,4,2,0,21,1,0.53333336,1.0,1.0,3,1,2,1,0,0,2,0,0,0,5,5,0,5,0,0,5,0,2,59,1,0,0,1,0,11,3,8,0,8,1,0,0,0,51,1,0
Project/google-api-java-client/google-api-client-xml/src/main/java/com/google/api/client/googleapis/xml/atom/AtomPatchRelativeToOriginalContent.java,com.google.api.client.googleapis.xml.atom.AtomPatchRelativeToOriginalContent,class,7,8,1,7,5,2,0,5,0,0.4,0.5,0.6,5,0,4,0,1,0,5,0,2,0,2,0,0,2,0,0,2,0,1,23,3,0,0,0,0,1,0,3,0,3,0,0,0,0,66,17,0
Project/google-api-java-client/google-api-client/src/main/java/com/google/api/client/googleapis/testing/services/MockGoogleClientRequest.java,com.google.api.client.googleapis.testing.services.MockGoogleClientRequest,class,7,11,4,7,4,3,0,3,6,0.0,0.0,0.0,4,0,4,0,0,0,4,0,0,0,0,0,0,0,0,0,0,0,0,14,3,0,0,0,0,0,0,0,0,0,0,0,0,0,67,1,0
Project/google-api-java-client/google-api-client-xml/src/main/java/com/google/api/client/googleapis/xml/atom/GoogleAtom.java,com.google.api.client.googleapis.xml.atom.GoogleAtom$FieldsMask,innerclass,1,1,0,1,6,1,0,4,0,0.0,1.0,1.0,2,0,0,0,0,2,2,0,0,0,2,0,0,0,0,2,0,0,0,26,0,0,2,0,0,0,2,4,0,5,1,0,0,0,12,8,0
Project/google-api-java-client/google-api-client-servlet/src/main/java/com/google/api/client/googleapis/extensions/servlet/notifications/NotificationServlet.java,com.google.api.client.googleapis.extensions.servlet.notifications.NotificationServlet,class,8,8,0,8,4,2,0,3,4,0.75,0.16666667,0.16666667,4,0,1,0,3,0,4,0,0,0,2,1,0,2,0,0,2,0,2,16,0,0,0,0,0,0,1,2,0,2,0,0,0,0,116,1,0
Project/google-api-java-client/google-api-client-xml/src/main/java/com/google/api/client/googleapis/xml/atom/AtomPatchContent.java,com.google.api.client.googleapis.xml.atom.AtomPatchContent,class,5,6,1,5,2,2,0,2,1,0.0,0.0,0.0,2,0,2,0,0,0,2,0,0,0,0,0,0,0,0,0,0,0,0,10,1,0,0,0,0,0,0,0,0,0,0,0,0,0,48,17,0
Project/google-api-java-client/google-api-client-android/src/main/java/com/google/api/client/googleapis/extensions/android/gms/auth/UserRecoverableAuthIOException.java,com.google.api.client.googleapis.extensions.android.gms.auth.UserRecoverableAuthIOException,class,5,8,3,5,3,5,1,3,3,1.0,0.0,0.0,3,0,3,0,0,0,3,0,1,0,1,1,0,1,0,0,1,0,0,12,2,0,0,0,0,0,1,1,0,1,0,0,0,0,42,1,0
Project/google-api-java-client/google-api-client/src/main/java/com/google/api/client/googleapis/auth/oauth2/GoogleAuthorizationCodeFlow.java,com.google.api.client.googleapis.auth.oauth2.GoogleAuthorizationCodeFlow$Builder,innerclass,19,19,0,19,23,2,0,23,249,0.9130435,0.007905139,0.007905139,23,0,23,0,0,0,23,0,2,0,2,0,0,0,0,2,0,0,0,78,21,0,0,0,0,0,0,2,0,2,0,0,0,0,124,9,0
Project/google-api-java-client/google-api-client/src/main/java/com/google/api/client/googleapis/media/MediaUploadErrorHandler.java,com.google.api.client.googleapis.media.MediaUploadErrorHandler,class,7,9,2,7,11,1,0,12,0,0.25,1.0,1.0,3,0,3,0,0,0,3,0,0,0,4,1,0,3,0,1,4,0,1,37,2,0,3,2,0,2,2,6,1,6,2,0,0,0,55,0,0
Project/google-api-java-client/google-api-client-protobuf/src/main/java/com/google/api/client/googleapis/services/protobuf/AbstractGoogleProtoClient.java,com.google.api.client.googleapis.services.protobuf.AbstractGoogleProtoClient,class,5,9,4,5,2,3,1,1,1,0.0,0.0,0.0,2,0,1,0,1,0,2,0,0,0,0,0,0,0,0,0,0,0,0,41,1,0,0,0,0,0,0,0,0,0,0,0,1,0,16,1025,0
Project/google-api-java-client/google-api-client/src/test/java/com/google/api/client/googleapis/services/AbstractGoogleClientRequestTest.java,com.google.api.client.googleapis.services.AbstractGoogleClientRequestTest$Anonymous5$Anonymous6,anonymous,2,2,0,2,1,1,0,2,0,0.0,NaN,NaN,1,0,1,0,0,0,1,0,0,0,0,0,0,0,0,0,0,0,0,5,1,0,0,0,0,1,0,0,0,0,0,0,0,0,6,-1,0
Project/google-api-java-client/google-api-client/src/test/java/com/google/api/client/googleapis/media/MediaHttpUploaderTest.java,com.google.api.client.googleapis.media.MediaHttpUploaderTest$ResumableErrorMediaTransport$Anonymous5,anonymous,2,2,0,2,1,1,0,1,0,0.0,NaN,NaN,1,0,1,0,0,0,1,0,0,0,0,0,0,0,0,0,0,0,0,7,1,0,0,0,0,0,1,1,0,1,0,0,0,0,10,-1,0
Project/google-api-java-client/google-api-client/src/test/java/com/google/api/client/googleapis/media/MediaHttpUploaderTest.java,com.google.api.client.googleapis.media.MediaHttpUploaderTest$ResumableErrorMediaTransport$Anonymous4,anonymous,2,2,0,2,1,1,0,4,0,0.0,NaN,NaN,1,0,1,0,0,0,1,0,0,0,0,0,0,0,0,0,0,0,0,9,1,0,0,0,0,2,1,1,0,1,0,0,0,0,11,-1,0
Project/google-api-java-client/google-api-client/src/test/java/com/google/api/client/googleapis/media/MediaHttpUploaderTest.java,com.google.api.client.googleapis.media.MediaHttpUploaderTest$Anonymous3,anonymous,1,1,0,1,1,1,0,2,0,0.0,NaN,NaN,1,0,1,0,0,0,1,0,0,1,0,0,0,0,0,0,0,0,1,5,1,0,0,0,0,0,1,0,1,0,0,0,0,0,2,-1,0
Project/google-api-java-client/google-api-client/src/test/java/com/google/api/client/googleapis/media/MediaHttpUploaderTest.java,com.google.api.client.googleapis.media.MediaHttpUploaderTest$TestingInputStream,innerclass,1,1,0,1,2,3,0,1,1,0.5,0.0,0.0,2,0,1,0,0,1,2,0,0,0,1,0,0,0,0,1,0,0,0,10,0,0,0,0,0,0,0,1,0,1,0,0,0,0,14,0,0
Project/google-api-java-client/google-api-client/src/main/java/com/google/api/client/googleapis/batch/BatchRequest.java,com.google.api.client.googleapis.batch.BatchRequest$BatchInterceptor,innerclass,3,3,0,3,5,1,0,2,0,0.0,1.0,1.0,2,0,1,0,0,1,2,0,0,0,1,0,0,1,0,0,0,0,0,17,0,1,2,0,0,0,0,2,0,2,2,0,0,0,29,0,0
Project/google-api-java-client/google-api-client/src/test/java/com/google/api/client/googleapis/services/AbstractGoogleClientRequestTest.java,com.google.api.client.googleapis.services.AbstractGoogleClientRequestTest$Anonymous9,anonymous,3,3,0,3,1,1,0,0,0,0.0,NaN,NaN,1,0,1,0,0,0,1,0,0,0,0,0,0,0,0,0,0,0,0,10,1,0,0,0,0,0,0,0,0,0,0,1,0,0,7,-1,0
Project/google-api-java-client/google-api-client/src/test/java/com/google/api/client/googleapis/media/MediaHttpUploaderTest.java,com.google.api.client.googleapis.media.MediaHttpUploaderTest,class,26,27,1,26,49,7,0,26,0,0.7380953,0.81341463,0.81341463,42,0,41,1,0,0,41,0,0,0,7,6,0,7,0,0,5,0,2,874,0,0,2,4,1,14,140,252,78,207,1,1,12,0,174,1,0
Project/google-api-java-client/google-api-client/src/test/java/com/google/api/client/googleapis/batch/BatchRequestTest.java,com.google.api.client.googleapis.batch.BatchRequestTest$TestCallback2Adapter,innerclass,6,6,0,6,4,2,0,5,1,0.0,0.0,0.0,2,0,2,0,0,0,2,0,0,0,0,0,0,0,0,0,0,0,0,11,0,0,0,0,0,0,0,3,0,1,0,0,0,0,18,10,0
Project/google-api-java-client/google-api-client/src/main/java/com/google/api/client/googleapis/mtls/MtlsUtils.java,com.google.api.client.googleapis.mtls.MtlsUtils$DefaultMtlsProvider,innerclass,8,8,0,8,14,1,0,17,11,0.71428573,0.0952381,0.14285715,7,2,3,0,0,4,7,0,0,0,4,2,1,3,0,0,2,0,8,75,6,1,1,2,1,8,6,16,5,14,3,0,2,0,84,8,0
Project/google-api-java-client/google-api-client/src/test/java/com/google/api/client/googleapis/auth/oauth2/DefaultCredentialProviderTest.java,com.google.api.client.googleapis.auth.oauth2.DefaultCredentialProviderTest$MockAppEngineCredential,innerclass,4,4,0,4,1,3,0,2,0,0.0,NaN,NaN,1,0,1,0,0,0,1,0,0,0,0,0,0,0,0,0,0,0,0,5,0,0,0,0,0,0,0,0,0,0,0,0,0,0,11,9,0
Project/google-api-java-client/google-api-client-protobuf/src/test/java/com/google/api/client/googleapis/services/protobuf/CommonGoogleProtoClientRequestInitializerTest.java,com.google.api.client.googleapis.services.protobuf.CommonGoogleProtoClientRequestInitializerTest,class,7,7,0,7,1,5,0,5,0,0.0,NaN,NaN,1,0,1,0,0,0,1,0,0,0,0,0,0,0,0,0,0,0,0,16,0,0,0,0,0,6,0,3,0,3,0,0,1,0,24,1,0
Project/google-api-java-client/google-api-client/src/test/java/com/google/api/client/googleapis/services/AbstractGoogleClientRequestTest.java,com.google.api.client.googleapis.services.AbstractGoogleClientRequestTest$Anonymous1,anonymous,3,3,0,3,1,1,0,0,0,0.0,NaN,NaN,1,0,1,0,0,0,1,0,0,0,0,0,0,0,0,0,0,0,0,16,1,0,0,0,0,0,0,0,0,0,0,1,0,0,7,-1,0
Project/google-api-java-client/google-api-client/src/main/java/com/google/api/client/googleapis/auth/oauth2/GoogleTokenResponse.java,com.google.api.client.googleapis.auth.oauth2.GoogleTokenResponse,class,5,8,3,5,10,2,0,11,43,0.8,0.022222223,0.022222223,10,0,10,0,0,0,10,0,1,0,1,0,0,1,0,0,0,0,1,34,10,0,0,0,0,1,0,1,0,1,0,0,0,0,86,1,0
Project/google-api-java-client/google-api-client/src/test/java/com/google/api/client/googleapis/media/MediaHttpUploaderTest.java,com.google.api.client.googleapis.media.MediaHttpUploaderTest$GZipCheckerInterceptor,innerclass,3,3,0,3,3,1,0,3,0,0.0,1.0,1.0,2,0,2,0,0,0,2,0,0,0,1,0,0,1,0,0,0,0,0,9,0,0,1,0,1,0,0,1,0,1,0,0,0,0,16,10,0
Project/google-api-java-client/google-api-client/src/test/java/com/google/api/client/googleapis/services/AbstractGoogleClientRequestTest.java,com.google.api.client.googleapis.services.AbstractGoogleClientRequestTest$Anonymous3,anonymous,3,3,0,3,1,1,0,0,0,0.0,NaN,NaN,1,0,1,0,0,0,1,0,0,0,0,0,0,0,0,0,0,0,0,12,1,0,0,0,0,0,0,0,0,0,0,1,0,0,7,-1,0
Project/google-api-java-client/google-api-client/src/test/java/com/google/api/client/googleapis/services/AbstractGoogleClientRequestTest.java,com.google.api.client.googleapis.services.AbstractGoogleClientRequestTest$Anonymous5,anonymous,3,3,0,3,1,1,0,0,0,0.0,NaN,NaN,1,0,1,0,0,0,1,0,0,0,0,0,0,0,0,0,0,0,0,10,1,0,0,0,0,0,0,0,0,0,0,1,0,0,7,-1,0
Project/google-api-java-client/google-api-client/src/test/java/com/google/api/client/googleapis/services/AbstractGoogleClientRequestTest.java,com.google.api.client.googleapis.services.AbstractGoogleClientRequestTest$Anonymous7,anonymous,3,3,0,3,1,1,0,0,0,0.0,NaN,NaN,1,0,1,0,0,0,1,0,0,0,0,0,0,0,0,0,0,0,0,10,1,0,0,0,0,0,0,0,0,0,0,1,0,0,7,-1,0
Project/google-api-java-client/google-api-client-appengine/src/main/java/com/google/api/client/googleapis/extensions/appengine/testing/auth/oauth2/MockAppIdentityService.java,com.google.api.client.googleapis.extensions.appengine.testing.auth.oauth2.MockAppIdentityService,class,8,9,1,8,14,1,0,1,47,0.77272725,0.07272727,0.10909091,11,0,11,0,0,0,11,0,0,0,2,0,0,2,0,0,0,0,1,46,9,1,2,0,0,1,4,4,1,3,2,0,0,0,41,1,0
Project/google-api-java-client/google-api-client/src/test/java/com/google/api/client/googleapis/mtls/MtlsTransportBaseTest.java,com.google.api.client.googleapis.mtls.MtlsTransportBaseTest,class,5,8,3,5,7,1,2,12,15,0.0,0.0,0.0,6,0,4,0,2,0,6,1,0,0,0,0,0,0,0,0,0,0,0,56,1,0,0,1,0,8,0,8,0,8,1,0,1,0,45,1025,0
Project/google-api-java-client/google-api-client/src/main/java/com/google/api/client/googleapis/compute/ComputeCredential.java,com.google.api.client.googleapis.compute.ComputeCredential$Builder,innerclass,11,11,0,11,12,2,0,14,55,0.0,0.0,0.0,11,0,11,0,0,0,11,0,0,0,0,0,0,0,0,0,0,0,0,39,10,0,1,0,0,0,0,0,0,0,0,0,0,0,58,9,0
Project/google-api-java-client/google-api-client/src/main/java/com/google/api/client/googleapis/services/AbstractGoogleClientRequest.java,com.google.api.client.googleapis.services.AbstractGoogleClientRequest,class,23,40,17,23,55,2,0,51,524,0.90630627,0.07308378,0.27629232,37,1,24,3,10,0,34,0,16,0,15,2,1,14,0,0,6,0,1,289,32,0,11,0,1,10,1,31,2,28,2,3,1,0,275,1025,0
Project/google-api-java-client/google-api-client/src/main/java/com/google/api/client/googleapis/util/Utils.java,com.google.api.client.googleapis.util.Utils$JsonFactoryInstanceHolder,innerclass,2,2,0,2,0,1,0,0,0,NaN,-1.0,-1.0,0,0,0,0,0,0,0,0,0,0,1,1,0,0,0,1,1,0,0,3,0,0,0,0,0,0,0,1,0,1,0,0,0,0,12,10,0
Project/google-api-java-client/google-api-client-servlet/src/main/java/com/google/api/client/googleapis/extensions/servlet/notifications/WebhookUtils.java,com.google.api.client.googleapis.extensions.servlet.notifications.WebhookUtils,class,11,14,3,11,16,1,0,31,3,0.8333334,0.0,0.0,3,2,2,1,0,0,2,0,0,0,2,2,1,0,0,1,2,0,4,61,1,2,8,2,0,4,1,20,0,18,7,0,0,0,119,17,0
Project/google-api-java-client/google-api-client-android/src/main/java/com/google/api/client/googleapis/extensions/android/gms/auth/GoogleAccountCredential.java,com.google.api.client.googleapis.extensions.android.gms.auth.GoogleAccountCredential,class,14,16,2,14,28,1,0,15,83,0.79365075,0.22875817,0.8888889,18,2,18,0,0,0,18,0,11,0,7,0,0,5,0,2,3,0,0,124,16,1,6,2,0,2,1,12,2,9,4,0,1,0,137,1,0
Project/google-api-java-client/google-api-client/src/main/java/com/google/api/client/googleapis/util/Utils.java,com.google.api.client.googleapis.util.Utils,class,3,6,3,3,3,1,0,0,3,0.0,0.0,0.0,3,2,2,1,0,0,2,0,0,0,0,0,0,0,0,0,0,0,0,16,2,0,0,0,0,0,0,0,0,0,0,0,2,0,20,17,0
Project/google-api-java-client/google-api-client/src/test/java/com/google/api/client/googleapis/services/AbstractGoogleClientRequestTest.java,com.google.api.client.googleapis.services.AbstractGoogleClientRequestTest$AssertHeaderTransport,innerclass,4,4,0,4,2,2,0,0,1,0.5,0.0,0.0,2,0,1,0,0,1,2,0,0,0,2,0,0,0,0,2,0,0,0,18,1,0,0,0,0,0,0,2,0,2,0,1,0,0,17,2,0
Project/google-api-java-client/google-api-client/src/main/java/com/google/api/client/googleapis/notifications/AbstractNotification.java,com.google.api.client.googleapis.notifications.AbstractNotification,class,3,7,4,3,21,1,2,22,120,0.81875,0.18421052,0.80526316,20,0,17,0,3,0,20,0,8,0,8,0,0,8,0,0,0,0,0,86,18,0,0,0,0,8,1,8,0,8,0,0,0,0,99,1025,0
Project/google-api-java-client/google-api-client/src/main/java/com/google/api/client/googleapis/media/MediaHttpDownloader.java,com.google.api.client.googleapis.media.MediaHttpDownloader$DownloadState,enum,0,0,0,0,0,1,0,0,0,0.0,-1.0,-1.0,0,0,0,0,0,0,0,0,0,0,0,0,0,0,0,0,0,0,0,4,0,0,0,0,0,0,0,0,0,0,0,0,0,0,35,1,0
Project/google-api-java-client/google-api-client/src/main/java/com/google/api/client/googleapis/auth/oauth2/GooglePublicKeysManager.java,com.google.api.client.googleapis.auth.oauth2.GooglePublicKeysManager,class,11,16,5,11,19,1,0,31,9,0.73333335,0.4,0.8,10,0,8,0,1,1,10,0,6,0,9,2,0,9,0,0,7,0,4,127,8,2,6,3,0,2,5,21,3,17,3,0,1,0,159,1,0
Project/google-api-java-client/google-api-client/src/test/java/com/google/api/client/googleapis/media/MediaHttpDownloaderTest.java,com.google.api.client.googleapis.media.MediaHttpDownloaderTest$MediaTransport,innerclass,4,4,0,4,3,2,0,1,1,0.8333333,0.33333334,0.33333334,3,0,1,0,2,0,3,0,0,0,8,0,0,0,0,8,0,0,0,74,1,0,0,0,0,0,1,5,0,8,0,1,0,0,30,10,0
Project/google-api-java-client/google-api-client/src/main/java/com/google/api/client/googleapis/batch/BatchCallback.java,com.google.api.client.googleapis.batch.BatchCallback,interface,3,17,14,3,2,1,0,0,1,0.0,0.0,0.0,2,0,0,0,0,2,2,0,0,0,0,0,0,0,0,0,0,0,0,4,0,0,0,0,0,0,0,0,0,0,0,0,0,0,43,1,0
Project/google-api-java-client/google-api-client/src/main/java/com/google/api/client/googleapis/auth/oauth2/GoogleBrowserClientRequestUrl.java,com.google.api.client.googleapis.auth.oauth2.GoogleBrowserClientRequestUrl,class,5,7,2,5,11,2,0,14,53,0.8181818,0.018181818,0.018181818,11,0,11,0,0,0,11,0,1,0,1,0,0,1,0,0,0,0,0,40,9,0,0,0,0,1,0,1,0,1,0,0,0,0,127,1,0
Project/google-api-java-client/google-api-client/src/main/java/com/google/api/client/googleapis/notifications/StoredChannel.java,com.google.api.client.googleapis.notifications.StoredChannel,class,6,12,6,6,18,1,0,19,40,0.8359375,0.33333334,0.45833334,16,1,16,0,0,0,16,0,0,0,8,2,1,7,0,0,5,0,2,124,16,0,1,9,1,5,1,9,0,9,1,0,0,0,134,17,0
Project/google-api-java-client/google-api-client/src/main/java/com/google/api/client/googleapis/compute/ComputeCredential.java,com.google.api.client.googleapis.compute.ComputeCredential,class,11,13,2,11,3,3,0,11,3,1.0,0.0,0.0,3,0,1,0,2,0,3,0,0,0,1,1,1,0,0,0,1,0,1,55,1,0,0,0,0,3,0,3,1,3,0,0,1,0,75,1,0
Project/google-api-java-client/google-api-client/src/test/java/com/google/api/client/googleapis/services/json/AbstractGoogleJsonClientTest.java,com.google.api.client.googleapis.services.json.AbstractGoogleJsonClientTest$Anonymous1,anonymous,3,3,0,3,1,1,0,0,0,0.0,NaN,NaN,1,0,1,0,0,0,1,0,0,0,0,0,0,0,0,0,0,0,0,14,1,0,0,0,0,0,0,0,0,0,0,1,0,0,7,-1,0
Project/google-api-java-client/google-api-client/src/main/java/com/google/api/client/googleapis/services/AbstractGoogleClient.java,com.google.api.client.googleapis.services.AbstractGoogleClient$Builder,innerclass,6,6,0,6,20,1,0,7,160,0.89,0.078947365,0.21052632,20,0,19,0,1,0,20,1,8,0,10,0,0,0,0,10,2,0,2,82,18,0,0,0,0,0,0,11,0,10,0,0,0,0,132,1033,0
Project/google-api-java-client/google-api-client/src/main/java/com/google/api/client/googleapis/auth/oauth2/GoogleAuthorizationCodeRequestUrl.java,com.google.api.client.googleapis.auth.oauth2.GoogleAuthorizationCodeRequestUrl,class,5,8,3,5,14,2,0,15,87,0.85714287,0.021978023,0.021978023,14,0,14,0,0,0,14,0,2,0,2,0,0,2,0,0,0,0,0,52,11,0,0,0,0,2,0,2,0,2,0,0,0,0,140,1,0
Project/google-api-java-client/google-api-client/src/test/java/com/google/api/client/googleapis/media/MediaHttpUploaderTest.java,com.google.api.client.googleapis.media.MediaHttpUploaderTest$ErrorType,enum,0,0,0,0,0,1,0,0,0,0.0,-1.0,-1.0,0,0,0,0,0,0,0,0,0,0,0,0,0,0,0,0,0,0,0,1,0,0,0,0,0,0,0,0,0,0,0,0,0,0,32,0,0
Project/google-api-java-client/google-api-client/src/test/java/com/google/api/client/googleapis/media/MediaHttpUploaderTest.java,com.google.api.client.googleapis.media.MediaHttpUploaderTest$MediaTransport$Anonymous1,anonymous,2,2,0,2,10,1,0,6,0,0.0,NaN,NaN,1,0,1,0,0,0,1,0,0,0,0,0,0,0,0,0,0,0,1,32,1,0,1,0,0,7,4,1,0,1,2,0,0,0,36,-1,0
Project/google-api-java-client/google-api-client/src/test/java/com/google/api/client/googleapis/media/MediaHttpUploaderTest.java,com.google.api.client.googleapis.media.MediaHttpUploaderTest$MediaTransport$Anonymous2,anonymous,4,4,0,4,23,1,0,9,1,0.0,0.0,0.0,2,0,1,0,0,1,2,0,0,0,0,0,0,0,0,0,0,0,1,85,6,0,6,0,8,17,21,14,19,8,3,0,0,0,53,-1,0
Project/google-api-java-client/google-api-client/src/test/java/com/google/api/client/googleapis/services/json/CommonGoogleJsonClientRequestInitializerTest.java,com.google.api.client.googleapis.services.json.CommonGoogleJsonClientRequestInitializerTest$MyRequest,innerclass,4,4,0,4,1,4,0,0,0,1.0,NaN,NaN,1,0,0,0,1,0,1,0,0,0,1,0,0,0,0,1,0,0,0,6,0,0,0,0,0,0,0,0,0,1,0,0,0,0,11,9,0
Project/google-api-java-client/google-api-client/src/test/java/com/google/api/client/googleapis/media/MediaHttpUploaderTest.java,com.google.api.client.googleapis.media.MediaHttpUploaderTest$GZipCheckerInitializer,innerclass,3,3,0,3,2,1,0,1,0,0.0,1.0,1.0,2,0,2,0,0,0,2,0,0,0,1,0,0,1,0,0,0,0,0,9,0,0,0,0,0,0,0,1,0,1,0,0,0,0,11,10,0
Project/google-api-java-client/google-api-client/src/main/java/com/google/api/client/googleapis/media/MediaHttpDownloader.java,com.google.api.client.googleapis.media.MediaHttpDownloader,class,10,15,5,10,42,1,0,31,146,0.8571429,0.15441176,0.5,21,0,17,4,0,0,17,0,0,0,10,1,1,9,0,0,3,0,3,150,21,1,13,1,0,5,17,28,7,18,2,0,1,0,263,17,0
Project/google-api-java-client/google-api-client/src/main/java/com/google/api/client/googleapis/auth/oauth2/GooglePublicKeysManager.java,com.google.api.client.googleapis.auth.oauth2.GooglePublicKeysManager$Builder,innerclass,6,6,0,6,8,1,0,1,20,0.75,0.14285715,0.17857143,8,0,8,0,0,0,8,0,4,0,4,0,0,0,0,4,2,0,0,33,7,0,0,0,0,0,0,6,0,4,0,0,0,0,55,9,0
Project/google-api-java-client/google-api-client-servlet/src/main/java/com/google/api/client/googleapis/extensions/servlet/notifications/WebhookHeaders.java,com.google.api.client.googleapis.extensions.servlet.notifications.WebhookHeaders,class,1,1,0,1,1,1,0,0,0,1.0,-1.0,-1.0,1,0,0,1,0,0,0,0,0,0,8,8,8,0,0,0,8,0,0,12,0,0,0,0,0,8,0,8,0,8,0,0,0,0,69,17,0
Project/google-api-java-client/google-api-client/src/main/java/com/google/api/client/googleapis/mtls/ContextAwareMetadataJson.java,com.google.api.client.googleapis.mtls.ContextAwareMetadataJson,class,3,4,1,3,1,2,0,0,0,0.0,NaN,NaN,1,0,1,0,0,0,1,0,1,0,1,0,0,1,0,0,0,0,0,6,1,0,0,0,0,1,0,0,0,1,0,0,0,0,16,1,0
Project/google-api-java-client/google-api-client/src/test/java/com/google/api/client/googleapis/compute/ComputeCredentialTest.java,com.google.api.client.googleapis.compute.ComputeCredentialTest,class,5,5,0,5,1,2,0,4,0,0.0,NaN,NaN,1,0,1,0,0,0,1,0,0,0,1,1,0,0,0,1,1,0,0,9,0,0,0,0,0,1,0,3,0,3,0,0,0,0,33,1,0
Project/google-api-java-client/google-api-client/src/main/java/com/google/api/client/googleapis/auth/oauth2/GoogleCredential.java,com.google.api.client.googleapis.auth.oauth2.GoogleCredential,class,19,32,13,19,51,3,8,70,217,0.84188026,0.16205534,0.3083004,26,7,21,3,2,0,23,0,7,0,9,3,0,7,0,2,2,0,14,308,29,0,26,2,2,28,3,41,6,39,1,0,1,0,300,1,0
Project/google-api-java-client/google-api-client/src/main/java/com/google/api/client/googleapis/testing/auth/oauth2/MockGoogleCredential.java,com.google.api.client.googleapis.testing.auth.oauth2.MockGoogleCredential,class,8,9,1,8,2,5,0,6,1,0.9166667,0.0,0.0,2,1,2,0,0,0,2,0,0,0,6,6,2,4,0,0,6,0,1,46,1,0,0,0,0,10,0,8,1,8,0,0,2,0,77,1,0
Project/google-api-java-client/google-api-client/src/main/java/com/google/api/client/googleapis/json/GoogleJsonError.java,com.google.api.client.googleapis.json.GoogleJsonError$Details,innerclass,3,3,0,3,8,2,0,1,20,0.75,0.14285715,0.14285715,8,0,8,0,0,0,8,0,0,0,4,0,0,4,0,0,0,0,0,30,4,0,0,0,0,1,0,4,0,4,0,0,0,0,22,9,0
Project/google-api-java-client/google-api-client/src/test/java/com/google/api/client/googleapis/json/GoogleJsonErrorContainerTest.java,com.google.api.client.googleapis.json.GoogleJsonErrorContainerTest,class,5,5,0,5,1,2,0,4,0,0.0,NaN,NaN,1,0,1,0,0,0,1,0,0,0,2,2,0,0,0,2,2,0,0,9,0,0,0,0,0,9,0,4,1,4,0,0,0,0,28,1,0
Project/google-api-java-client/google-api-client/src/main/java/com/google/api/client/googleapis/auth/oauth2/GoogleIdToken.java,com.google.api.client.googleapis.auth.oauth2.GoogleIdToken$Payload,innerclass,4,4,0,4,29,2,0,21,345,0.9259259,0.008547009,0.008547009,27,0,27,0,0,0,27,0,0,0,3,0,0,3,0,0,0,0,1,94,28,0,1,0,0,3,0,3,0,3,1,0,0,0,127,9,0
Project/google-api-java-client/google-api-client/src/test/java/com/google/api/client/googleapis/batch/BatchRequestStressTest.java,com.google.api.client.googleapis.batch.BatchRequestStressTest$Anonymous3,anonymous,1,1,0,1,2,1,0,1,1,0.0,0.0,0.0,2,0,2,0,0,0,2,0,0,0,0,0,0,0,0,0,0,0,0,8,0,0,0,0,0,0,0,0,0,0,0,0,0,0,7,-1,0
Project/google-api-java-client/google-api-client/src/main/java/com/google/api/client/googleapis/apache/v2/GoogleApacheHttpTransport.java,com.google.api.client.googleapis.apache.v2.GoogleApacheHttpTransport,class,9,11,2,9,3,1,0,15,3,0.0,0.0,0.0,3,2,2,1,0,0,2,0,0,0,0,0,0,0,0,0,0,0,3,44,2,0,0,0,0,0,4,3,0,3,0,0,1,0,64,17,0
Project/google-api-java-client/google-api-client/src/test/java/com/google/api/client/googleapis/services/AbstractGoogleClientTest.java,com.google.api.client.googleapis.services.AbstractGoogleClientTest$GZipCheckerInitializer,innerclass,3,3,0,3,2,1,0,1,0,0.0,1.0,1.0,2,0,2,0,0,0,2,0,0,0,1,0,0,1,0,0,0,0,0,9,0,0,0,0,0,0,0,1,0,1,0,0,0,0,11,10,0
Project/google-api-java-client/google-api-client/src/test/java/com/google/api/client/googleapis/batch/BatchRequestStressTest.java,com.google.api.client.googleapis.batch.BatchRequestStressTest$Anonymous1,anonymous,3,3,0,3,1,1,0,0,0,0.0,NaN,NaN,1,0,1,0,0,0,1,0,0,0,0,0,0,0,0,0,0,0,0,25,1,0,0,0,0,0,0,0,0,0,0,1,0,0,10,-1,0
Project/google-api-java-client/google-api-client/src/test/java/com/google/api/client/googleapis/services/AbstractGoogleClientTest.java,com.google.api.client.googleapis.services.AbstractGoogleClientTest$TestRemoteRequestInitializer,innerclass,2,2,0,2,2,1,0,0,1,0.5,0.0,0.0,2,0,1,0,0,1,2,0,0,0,1,0,0,0,0,1,0,0,0,8,0,0,0,0,0,0,0,1,0,1,0,0,0,0,11,10,0
Project/google-api-java-client/google-api-client/src/main/java/com/google/api/client/googleapis/auth/oauth2/GoogleOAuthConstants.java,com.google.api.client.googleapis.auth.oauth2.GoogleOAuthConstants,class,1,1,0,1,1,1,0,0,0,1.0,-1.0,-1.0,1,0,0,1,0,0,0,0,0,0,3,3,3,0,0,0,3,0,0,7,0,0,0,0,0,3,0,3,0,3,0,0,0,0,35,1,0
Project/google-api-java-client/google-api-client/src/main/java/com/google/api/client/googleapis/media/MediaHttpUploader.java,com.google.api.client.googleapis.media.MediaHttpUploader,class,23,31,8,23,76,1,0,59,437,0.93067247,0.050724637,0.061594203,34,0,23,10,0,1,24,0,0,0,28,6,4,21,0,3,9,0,7,364,35,1,18,4,3,23,26,83,27,56,4,0,2,0,419,17,0
Project/google-api-java-client/google-api-client/src/main/java/com/google/api/client/googleapis/auth/oauth2/SystemEnvironmentProvider.java,com.google.api.client.googleapis.auth.oauth2.SystemEnvironmentProvider,class,1,4,3,1,2,1,1,4,1,1.0,0.0,0.0,2,0,0,0,0,2,2,0,0,0,1,1,0,0,0,1,1,0,3,9,2,0,0,0,0,0,0,1,0,1,0,0,0,0,30,0,0
Project/google-api-java-client/google-api-client/src/test/java/com/google/api/client/googleapis/auth/oauth2/GoogleAuthorizationCodeTokenRequestTest.java,com.google.api.client.googleapis.auth.oauth2.GoogleAuthorizationCodeTokenRequestTest,class,5,5,0,5,1,2,0,11,0,0.0,NaN,NaN,1,0,1,0,0,0,1,0,0,0,4,4,0,4,0,0,4,0,0,17,0,0,0,0,0,5,0,6,0,6,0,0,0,0,42,1,0
Project/google-api-java-client/google-api-client/src/test/java/com/google/api/client/googleapis/services/AbstractGoogleClientRequestTest.java,com.google.api.client.googleapis.services.AbstractGoogleClientRequestTest$Anonymous9$Anonymous10,anonymous,2,2,0,2,1,1,0,4,0,0.0,NaN,NaN,1,0,1,0,0,0,1,0,0,0,0,0,0,0,0,0,0,0,0,5,1,0,0,0,0,2,0,0,0,0,0,0,0,0,23,-1,0
Project/google-api-java-client/google-api-client/src/main/java/com/google/api/client/googleapis/notifications/json/JsonNotificationCallback.java,com.google.api.client.googleapis.notifications.json.JsonNotificationCallback,class,6,9,3,6,2,2,0,1,1,1.0,0.0,0.0,2,0,0,0,2,0,2,1,1,0,1,1,0,1,0,0,1,0,0,7,1,0,0,0,0,0,1,1,0,1,0,0,0,0,66,1025,0
Project/google-api-java-client/google-api-client/src/test/java/com/google/api/client/googleapis/auth/oauth2/DefaultCredentialProviderTest.java,com.google.api.client.googleapis.auth.oauth2.DefaultCredentialProviderTest$MockEnvironment,innerclass,1,1,0,1,2,1,0,0,0,0.0,1.0,1.0,2,0,1,0,0,1,2,0,0,0,1,0,0,1,0,0,0,0,0,9,1,0,0,0,0,0,0,1,0,1,0,0,0,0,6,9,0
Project/google-api-java-client/google-api-client/src/test/java/com/google/api/client/googleapis/mtls/MtlsTransportBaseTest.java,com.google.api.client.googleapis.mtls.MtlsTransportBaseTest$TestMtlsProvider,innerclass,1,1,0,1,5,1,0,0,0,0.5,0.5,1.0,4,0,4,0,0,0,4,0,0,0,4,0,0,4,0,0,0,0,0,24,3,0,0,0,0,1,0,4,0,4,1,0,0,0,20,12,0
Project/google-api-java-client/google-api-client/src/test/java/com/google/api/client/googleapis/media/MediaHttpUploaderTest.java,com.google.api.client.googleapis.media.MediaHttpUploaderTest$SlowWriter,innerclass,0,0,0,0,5,1,0,3,0,0.0,1.0,1.0,2,0,1,0,0,1,2,0,0,0,2,0,0,2,0,0,2,0,1,21,0,1,0,1,0,0,2,3,0,3,2,0,0,0,15,0,0
Project/google-api-java-client/google-api-client/src/test/java/com/google/api/client/googleapis/auth/oauth2/GooglePublicKeysManagerTest.java,com.google.api.client.googleapis.auth.oauth2.GooglePublicKeysManagerTest$PublicCertsMockHttpTransport$Anonymous1,anonymous,2,2,0,2,2,1,0,5,0,0.0,NaN,NaN,1,0,1,0,0,0,1,0,0,0,0,0,0,0,0,0,0,0,1,13,1,0,0,0,0,3,1,1,1,1,1,0,0,0,23,-1,0
Project/google-api-java-client/google-api-client/src/test/java/com/google/api/client/googleapis/media/MediaHttpUploaderTest.java,com.google.api.client.googleapis.media.MediaHttpUploaderTest$DirectProgressListener,innerclass,2,2,0,2,8,1,0,4,1,0.5,0.0,0.0,2,0,2,0,0,0,2,0,0,0,2,0,0,0,0,2,0,0,0,40,0,0,0,2,0,2,6,0,2,2,3,0,0,0,23,10,0
Project/google-api-java-client/google-api-client-xml/src/main/java/com/google/api/client/googleapis/xml/atom/MultiKindFeedParser.java,com.google.api.client.googleapis.xml.atom.MultiKindFeedParser,class,9,10,1,9,8,2,0,18,4,0.5,0.16666667,0.16666667,4,1,2,0,1,1,4,0,0,0,1,0,0,1,0,0,1,0,0,49,2,1,3,1,0,5,1,16,3,16,2,0,0,0,80,17,0
Project/google-api-java-client/google-api-client/src/main/java/com/google/api/client/googleapis/services/json/AbstractGoogleJsonClient.java,com.google.api.client.googleapis.services.json.AbstractGoogleJsonClient$Builder,innerclass,8,8,0,8,13,2,0,15,66,0.0,0.0,0.0,12,0,11,0,1,0,12,1,2,0,0,0,0,0,0,0,0,0,2,36,10,0,0,0,0,2,0,0,0,0,0,0,0,0,70,1033,0
Project/google-api-java-client/google-api-client/src/test/java/com/google/api/client/googleapis/apache/v2/GoogleApacheHttpTransportTest.java,com.google.api.client.googleapis.apache.v2.GoogleApacheHttpTransportTest,class,8,8,0,8,2,2,0,7,1,0.0,0.0,0.0,2,0,1,0,1,0,2,0,0,0,0,0,0,0,0,0,0,0,1,12,1,0,0,0,0,3,0,2,0,2,0,0,0,0,24,1,0
Project/google-api-java-client/google-api-client/src/main/java/com/google/api/client/googleapis/auth/oauth2/GoogleClientSecrets.java,com.google.api.client.googleapis.auth.oauth2.GoogleClientSecrets,class,5,11,6,5,12,3,0,4,16,0.625,0.21428572,0.35714287,8,1,8,0,0,0,8,0,0,0,2,0,0,2,0,0,0,0,0,79,8,0,4,0,2,0,0,2,0,2,0,0,1,0,57,17,0
Project/google-api-java-client/google-api-client/src/main/java/com/google/api/client/googleapis/apache/v2/GoogleApacheHttpTransport.java,com.google.api.client.googleapis.apache.v2.GoogleApacheHttpTransport$SocketFactoryRegistryHandler,innerclass,7,7,0,7,6,1,0,12,0,0.33333334,0.6666667,1.0,3,0,3,0,0,0,3,0,0,0,2,0,0,2,0,0,2,0,1,30,2,0,2,0,0,2,0,10,0,7,1,0,0,0,27,8,0
Project/google-api-java-client/google-api-client/src/test/java/com/google/api/client/googleapis/services/AbstractGoogleClientRequestTest.java,com.google.api.client.googleapis.services.AbstractGoogleClientRequestTest$Anonymous7$Anonymous8,anonymous,2,2,0,2,1,1,0,4,0,0.0,NaN,NaN,1,0,1,0,0,0,1,0,0,0,0,0,0,0,0,0,0,0,0,5,1,0,0,0,0,2,0,0,0,0,0,0,0,0,23,-1,0
Project/google-api-java-client/google-api-client-xml/src/main/java/com/google/api/client/googleapis/xml/atom/GoogleAtom.java,com.google.api.client.googleapis.xml.atom.GoogleAtom,class,7,10,3,7,41,1,0,35,28,1.0,0.0,0.0,8,7,3,5,0,0,3,0,0,0,2,2,2,0,0,0,2,0,10,172,4,3,17,0,0,10,19,30,2,28,6,0,1,0,120,1,0
Project/google-api-java-client/google-api-client/src/test/java/com/google/api/client/googleapis/media/MediaHttpUploaderTest.java,com.google.api.client.googleapis.media.MediaHttpUploaderTest$MockHttpContent,innerclass,1,1,0,1,2,2,0,0,1,0.0,0.0,0.0,2,0,2,0,0,0,2,0,0,0,0,0,0,0,0,0,0,0,0,7,0,0,0,0,0,1,0,0,0,0,0,0,0,0,9,10,0
Project/google-api-java-client/google-api-client/src/main/java/com/google/api/client/googleapis/notifications/NotificationUtils.java,com.google.api.client.googleapis.notifications.NotificationUtils,class,0,1,1,0,2,1,0,2,1,0.0,NaN,NaN,2,1,1,1,0,0,1,0,0,0,0,0,0,0,0,0,0,0,1,7,1,0,0,0,0,0,0,0,0,0,0,0,0,0,22,17,0
Project/google-api-java-client/google-api-client/src/main/java/com/google/api/client/googleapis/services/CommonGoogleClientRequestInitializer.java,com.google.api.client.googleapis.services.CommonGoogleClientRequestInitializer,class,4,9,5,4,16,1,2,12,17,0.7402597,0.34545454,0.6545454,11,1,10,0,1,0,11,0,5,0,7,2,0,7,0,0,7,0,2,110,6,0,5,0,0,4,0,7,0,7,1,0,1,0,121,1,0
Project/google-api-java-client/google-api-client/src/main/java/com/google/api/client/googleapis/json/GoogleJsonErrorContainer.java,com.google.api.client.googleapis.json.GoogleJsonErrorContainer,class,4,12,8,4,4,2,0,2,4,0.5,0.16666667,0.16666667,4,0,4,0,0,0,4,0,2,0,1,0,0,1,0,0,0,0,0,15,3,0,0,0,0,0,0,1,0,1,0,0,0,0,21,1,0
Project/google-api-java-client/google-api-client/src/test/java/com/google/api/client/googleapis/batch/BatchRequestTest.java,com.google.api.client.googleapis.batch.BatchRequestTest,class,36,37,1,36,22,7,0,25,0,0.8439153,0.025,0.025,18,0,15,2,1,0,16,0,0,0,21,16,0,21,0,0,16,0,0,517,1,1,0,0,0,49,44,67,4,66,1,3,11,0,126,1,0
Project/google-api-java-client/google-api-client/src/main/java/com/google/api/client/googleapis/auth/oauth2/DefaultCredentialProvider.java,com.google.api.client.googleapis.auth.oauth2.DefaultCredentialProvider$ComputeGoogleCredential,innerclass,10,10,0,10,5,3,0,20,1,0.5,0.0,0.0,2,0,0,0,1,1,2,0,0,0,1,1,0,1,0,0,1,0,3,27,1,0,3,0,0,10,0,7,3,7,2,0,0,0,76,10,0
Project/google-api-java-client/google-api-client/src/test/java/com/google/api/client/googleapis/batch/BatchRequestTest.java,com.google.api.client.googleapis.batch.BatchRequestTest$MockUnsuccessfulResponseHandler,innerclass,4,4,0,4,4,1,0,0,0,0.0,1.0,1.0,2,0,1,0,0,1,2,0,0,0,2,0,0,0,0,2,0,0,0,20,2,0,0,0,0,0,0,4,0,2,1,0,0,0,17,10,0
Project/google-api-java-client/google-api-client/src/main/java/com/google/api/client/googleapis/testing/services/json/MockGoogleJsonClient.java,com.google.api.client.googleapis.testing.services.json.MockGoogleJsonClient$Builder,innerclass,8,8,0,8,10,3,0,8,45,0.0,0.0,0.0,10,0,10,0,0,0,10,0,0,0,0,0,0,0,0,0,0,0,0,32,9,0,0,0,0,0,0,0,0,0,0,0,0,0,65,9,0
Project/google-api-java-client/google-api-client-protobuf/src/main/java/com/google/api/client/googleapis/testing/services/protobuf/MockGoogleProtoClient.java,com.google.api.client.googleapis.testing.services.protobuf.MockGoogleProtoClient,class,6,10,4,6,2,5,0,0,1,0.0,0.0,0.0,2,0,1,0,1,0,2,0,0,0,0,0,0,0,0,0,0,0,0,40,0,0,0,0,0,0,0,0,0,0,0,0,1,0,39,1,0
Project/google-api-java-client/google-api-client/src/main/java/com/google/api/client/googleapis/notifications/UnparsedNotification.java,com.google.api.client.googleapis.notifications.UnparsedNotification,class,3,9,6,3,14,2,0,11,83,0.82142854,0.043956045,0.043956045,14,0,14,0,0,0,14,0,2,0,2,0,0,2,0,0,0,0,0,48,13,0,0,0,0,1,0,2,0,2,0,0,0,0,94,1,0
Project/google-api-java-client/google-api-client/src/test/java/com/google/api/client/googleapis/services/AbstractGoogleClientRequestTest.java,com.google.api.client.googleapis.services.AbstractGoogleClientRequestTest$Anonymous1$Anonymous2,anonymous,2,2,0,2,1,1,0,4,0,0.0,NaN,NaN,1,0,1,0,0,0,1,0,0,0,0,0,0,0,0,0,0,0,0,11,1,0,0,0,0,2,0,1,0,1,0,0,0,0,20,-1,0
Project/google-api-java-client/google-api-client/src/main/java/com/google/api/client/googleapis/testing/services/MockGoogleClient.java,com.google.api.client.googleapis.testing.services.MockGoogleClient,class,7,12,5,7,2,3,0,0,1,0.0,0.0,0.0,2,0,1,0,1,0,2,0,0,0,0,0,0,0,0,0,0,0,0,40,0,0,0,0,0,0,0,0,0,0,0,0,1,0,48,1,0
Project/google-api-java-client/google-api-client-appengine/src/main/java/com/google/api/client/googleapis/extensions/appengine/auth/oauth2/AppIdentityCredential.java,com.google.api.client.googleapis.extensions.appengine.auth.oauth2.AppIdentityCredential$Builder,innerclass,3,3,0,3,5,1,0,1,6,0.6,0.2,0.2,5,0,5,0,0,0,5,0,2,0,2,0,0,0,0,2,1,0,1,20,4,0,0,0,0,0,0,2,0,2,0,0,0,0,43,9,0
Project/google-api-java-client/google-api-client/src/main/java/com/google/api/client/googleapis/testing/services/MockGoogleClient.java,com.google.api.client.googleapis.testing.services.MockGoogleClient$Builder,innerclass,8,8,0,8,10,2,0,8,45,0.0,0.0,0.0,10,0,10,0,0,0,10,0,0,0,0,0,0,0,0,0,0,0,0,32,9,0,0,0,0,0,0,0,0,0,0,0,0,0,59,9,0
Project/google-api-java-client/google-api-client/src/test/java/com/google/api/client/googleapis/GoogleUtilsTest.java,com.google.api.client.googleapis.GoogleUtilsTest,class,2,2,0,2,5,2,0,13,6,0.0,0.0,0.0,4,0,4,0,0,0,4,0,0,0,0,0,0,0,0,0,0,0,7,34,0,1,0,0,0,2,13,8,0,8,1,0,0,0,27,1,0
Project/google-api-java-client/google-api-client/src/test/java/com/google/api/client/googleapis/MethodOverrideTest.java,com.google.api.client.googleapis.MethodOverrideTest,class,11,12,1,11,8,2,0,28,10,0.8,0.0,0.0,5,0,3,2,0,0,3,0,0,0,2,2,0,2,0,0,2,0,2,49,0,1,0,0,0,4,3,12,1,10,1,0,0,0,54,1,0
Project/google-api-java-client/google-api-client/src/test/java/com/google/api/client/googleapis/batch/BatchRequestTest.java,com.google.api.client.googleapis.batch.BatchRequestTest$TestCallback1Adapter,innerclass,6,6,0,6,4,2,0,5,1,0.0,0.0,0.0,2,0,2,0,0,0,2,0,0,0,0,0,0,0,0,0,0,0,0,11,0,0,0,0,0,0,0,3,0,1,0,0,0,0,18,10,0
Project/google-api-java-client/google-api-client/src/main/java/com/google/api/client/googleapis/testing/TestUtils.java,com.google.api.client.googleapis.testing.TestUtils,class,0,1,1,0,4,1,0,7,1,0.5,NaN,NaN,2,1,1,1,0,0,1,0,0,0,1,1,0,1,0,0,1,0,2,19,1,1,1,0,0,2,3,6,0,6,2,0,0,0,20,17,0
Project/google-api-java-client/google-api-client/src/test/java/com/google/api/client/googleapis/auth/oauth2/GoogleBrowserClientRequestUrlTest.java,com.google.api.client.googleapis.auth.oauth2.GoogleBrowserClientRequestUrlTest,class,2,2,0,2,1,2,0,4,0,0.0,NaN,NaN,1,0,1,0,0,0,1,0,0,0,1,1,0,1,0,0,1,0,1,6,0,0,0,0,0,9,0,1,1,1,0,0,0,0,29,1,0
Project/google-api-java-client/google-api-client/src/main/java/com/google/api/client/googleapis/testing/compute/MockMetadataServerTransport.java,com.google.api.client.googleapis.testing.compute.MockMetadataServerTransport,class,7,9,2,7,5,2,0,3,3,0.7333334,0.0,0.0,3,0,3,0,0,0,3,0,0,0,5,3,0,2,0,3,3,0,1,51,3,0,0,0,0,1,0,7,1,7,1,2,0,0,53,1,0
Project/google-api-java-client/google-api-client-appengine/src/main/java/com/google/api/client/googleapis/extensions/appengine/auth/oauth2/AppIdentityCredential.java,com.google.api.client.googleapis.extensions.appengine.auth.oauth2.AppIdentityCredential$AppEngineCredentialWrapper,innerclass,11,11,0,11,9,3,0,20,0,0.5,0.46666667,0.6666667,7,1,4,1,1,1,6,0,0,0,2,0,0,2,0,0,2,0,3,38,4,0,2,0,2,1,1,8,2,8,1,0,0,0,63,9,0
Project/google-api-java-client/google-api-client/src/main/java/com/google/api/client/googleapis/auth/oauth2/CloudShellCredential.java,com.google.api.client.googleapis.auth.oauth2.CloudShellCredential,class,4,8,4,4,3,3,0,12,0,0.53333336,0.6666667,1.0,3,0,1,0,2,0,3,0,0,0,5,3,0,4,1,0,5,0,0,32,2,0,0,1,1,2,2,11,0,11,1,0,0,0,89,1,0
Project/google-api-java-client/google-api-client/src/main/java/com/google/api/client/googleapis/media/MediaHttpUploader.java,com.google.api.client.googleapis.media.MediaHttpUploader$ContentChunk,innerclass,1,1,0,1,3,1,0,0,0,0.33333334,0.6666667,1.0,3,0,0,0,0,3,3,0,0,0,2,0,0,2,0,0,2,0,0,14,2,0,0,0,0,0,0,2,0,2,0,0,0,0,8,10,0
Project/google-api-java-client/google-api-client/src/test/java/com/google/api/client/googleapis/mtls/MtlsUtilsTest.java,com.google.api.client.googleapis.mtls.MtlsUtilsTest$TestEnvironmentProvider,innerclass,1,1,0,1,2,1,0,0,0,0.0,1.0,1.0,2,0,1,0,0,1,2,0,0,0,1,0,0,1,0,0,1,0,0,9,1,0,0,0,0,0,0,1,0,1,0,0,0,0,6,8,0
Project/google-api-java-client/google-api-client/src/test/java/com/google/api/client/googleapis/auth/oauth2/GooglePublicKeysManagerTest.java,com.google.api.client.googleapis.auth.oauth2.GooglePublicKeysManagerTest$PublicCertsMockHttpTransport,innerclass,4,4,0,4,1,2,0,0,0,1.0,NaN,NaN,1,0,1,0,0,0,1,0,0,0,1,0,0,0,0,1,0,0,0,19,1,0,0,0,0,0,0,0,0,1,0,1,0,0,13,8,0
Project/google-api-java-client/google-api-client/src/main/java/com/google/api/client/googleapis/batch/BatchRequest.java,com.google.api.client.googleapis.batch.BatchRequest,class,18,25,7,18,14,1,0,27,12,0.76785713,0.2857143,0.5714286,8,0,8,0,0,0,8,0,0,0,7,3,0,6,0,1,4,0,1,110,6,3,1,1,0,10,2,21,2,18,3,0,2,0,209,17,0
Project/google-api-java-client/google-api-client/src/main/java/com/google/api/client/googleapis/services/AbstractGoogleClientRequest.java,com.google.api.client.googleapis.services.AbstractGoogleClientRequest$ApiClientVersion,innerclass,1,1,0,1,18,1,0,20,19,0.85714287,0.33333334,0.33333334,7,4,1,4,0,2,3,0,0,0,2,1,0,1,0,1,2,0,11,64,11,0,6,0,0,16,5,10,1,9,2,0,0,0,58,8,0
Project/google-api-java-client/google-api-client/src/main/java/com/google/api/client/googleapis/services/CommonGoogleClientRequestInitializer.java,com.google.api.client.googleapis.services.CommonGoogleClientRequestInitializer$Builder,innerclass,2,2,0,2,13,1,0,1,68,0.84615386,0.06410257,0.06410257,13,0,11,0,2,0,13,0,0,0,5,0,0,5,0,0,0,0,0,50,12,0,0,0,0,0,0,5,0,5,0,0,0,0,66,9,0
Project/google-api-java-client/google-api-client/src/test/java/com/google/api/client/googleapis/json/GoogleJsonResponseExceptionTest.java,com.google.api.client.googleapis.json.GoogleJsonResponseExceptionTest,class,10,10,0,10,11,2,0,20,55,0.0,0.0,0.0,11,0,11,0,0,0,11,0,0,0,0,0,0,0,0,0,0,0,11,105,0,0,0,0,0,34,0,46,1,46,0,0,0,0,70,1,0
Project/google-api-java-client/google-api-client/src/test/java/com/google/api/client/googleapis/media/MediaHttpDownloaderTest.java,com.google.api.client.googleapis.media.MediaHttpDownloaderTest$MediaTransport$Anonymous1,anonymous,3,3,0,3,12,1,0,8,0,0.0,NaN,NaN,1,0,1,0,0,0,1,0,0,0,0,0,0,0,0,0,0,0,4,52,5,0,6,0,0,14,15,7,12,4,3,0,0,0,46,-1,0
Project/google-api-java-client/google-api-client/src/test/java/com/google/api/client/googleapis/services/AbstractGoogleClientTest.java,com.google.api.client.googleapis.services.AbstractGoogleClientTest$MediaTransport$Anonymous1,anonymous,2,2,0,2,2,1,0,5,0,0.0,NaN,NaN,1,0,1,0,0,0,1,0,0,0,0,0,0,0,0,0,0,0,1,12,1,0,0,0,0,3,1,1,0,1,1,0,0,0,14,-1,0
Project/google-api-java-client/google-api-client/src/test/java/com/google/api/client/googleapis/services/AbstractGoogleClientTest.java,com.google.api.client.googleapis.services.AbstractGoogleClientTest$MediaTransport$Anonymous2,anonymous,2,2,0,2,2,1,0,7,0,0.0,NaN,NaN,1,0,1,0,0,0,1,0,0,0,0,0,0,0,0,0,0,0,0,20,1,0,1,0,1,7,3,4,4,3,1,0,0,0,20,-1,0
Project/google-api-java-client/google-api-client/src/main/java/com/google/api/client/googleapis/testing/services/json/MockGoogleJsonClientRequest.java,com.google.api.client.googleapis.testing.services.json.MockGoogleJsonClientRequest,class,7,9,2,7,4,4,0,3,6,0.0,0.0,0.0,4,0,4,0,0,0,4,0,0,0,0,0,0,0,0,0,0,0,0,14,3,0,0,0,0,0,0,0,0,0,0,0,0,0,74,1,0
Project/google-api-java-client/google-api-client/src/test/java/com/google/api/client/googleapis/auth/oauth2/DefaultCredentialProviderTest.java,com.google.api.client.googleapis.auth.oauth2.DefaultCredentialProviderTest$MockOffAppEngineSystemProperty,innerclass,1,1,0,1,0,1,0,0,0,NaN,-1.0,-1.0,0,0,0,0,0,0,0,0,0,0,1,1,1,0,0,0,1,0,0,3,0,0,0,0,0,1,0,1,0,1,0,0,0,0,9,10,0
Project/google-api-java-client/google-api-client-appengine/src/main/java/com/google/api/client/googleapis/extensions/appengine/auth/oauth2/AppIdentityCredential.java,com.google.api.client.googleapis.extensions.appengine.auth.oauth2.AppIdentityCredential,class,6,9,3,6,7,3,0,5,0,0.4166667,0.53333336,0.6666667,6,0,5,0,1,0,6,0,2,0,2,0,0,2,0,0,2,0,0,82,2,0,1,0,0,0,0,3,0,3,0,0,2,0,71,1,0
Project/google-api-java-client/google-api-client/src/test/java/com/google/api/client/googleapis/batch/BatchRequestTest.java,com.google.api.client.googleapis.batch.BatchRequestTest$MockTransport$Anonymous1,anonymous,4,4,0,4,22,1,0,24,1,0.0,NaN,NaN,2,0,1,1,0,0,1,0,0,0,0,0,0,0,0,0,0,0,0,88,2,0,2,0,1,103,3,7,31,7,3,0,0,0,66,-1,0
Project/google-api-java-client/google-api-client/src/test/java/com/google/api/client/googleapis/services/AbstractGoogleClientRequestTest.java,com.google.api.client.googleapis.services.AbstractGoogleClientRequestTest$AssertUserAgentTransport$Anonymous12,anonymous,2,2,0,2,1,1,0,2,0,0.0,NaN,NaN,1,0,1,0,0,0,1,0,0,0,0,0,0,0,0,0,0,0,0,6,1,0,0,0,0,1,0,0,0,0,0,0,0,0,11,-1,0
Project/google-api-java-client/google-api-client/src/main/java/com/google/api/client/googleapis/media/MediaHttpDownloaderProgressListener.java,com.google.api.client.googleapis.media.MediaHttpDownloaderProgressListener,interface,1,4,3,1,1,1,0,0,0,0.0,NaN,NaN,1,0,1,0,0,0,1,0,0,0,0,0,0,0,0,0,0,0,0,3,0,0,0,0,0,0,0,0,0,0,0,0,0,0,57,1,0
Project/google-api-java-client/google-api-client/src/test/java/com/google/api/client/googleapis/auth/oauth2/DefaultCredentialProviderTest.java,com.google.api.client.googleapis.auth.oauth2.DefaultCredentialProviderTest$TestDefaultCredentialProvider,innerclass,1,1,0,1,13,3,0,9,41,0.79999995,0.12727273,0.14545454,11,0,0,0,0,11,11,0,0,0,5,0,0,5,0,0,0,0,0,45,6,0,2,0,0,1,1,7,0,7,1,0,0,0,36,10,0
Project/google-api-java-client/google-api-client/src/main/java/com/google/api/client/googleapis/notifications/TypedNotification.java,com.google.api.client.googleapis.notifications.TypedNotification,class,5,7,2,5,13,2,0,11,72,0.7692308,0.03846154,0.03846154,13,0,13,0,0,0,13,0,1,0,1,0,0,1,0,0,0,0,0,43,11,0,0,0,0,9,0,1,0,1,0,0,0,0,93,1,0
Project/google-api-java-client/google-api-client/src/test/java/com/google/api/client/googleapis/batch/BatchRequestStressTest.java,com.google.api.client.googleapis.batch.BatchRequestStressTest,class,11,11,0,11,3,1,0,9,0,0.25,1.0,1.0,2,1,2,0,0,0,2,0,0,0,4,4,1,3,0,0,1,0,1,55,0,1,0,0,0,3,7,9,0,9,1,2,0,0,44,1,0
Project/google-api-java-client/google-api-client/src/main/java/com/google/api/client/googleapis/json/GoogleJsonError.java,com.google.api.client.googleapis.json.GoogleJsonError$ErrorInfo,innerclass,3,3,0,3,12,2,0,2,56,0.8333333,0.07575758,0.07575758,12,0,12,0,0,0,12,0,10,0,5,0,0,5,0,0,0,0,0,43,7,0,0,0,0,0,0,5,0,5,0,0,0,0,37,9,0
Project/google-api-java-client/google-api-client/src/main/java/com/google/api/client/googleapis/batch/json/JsonBatchCallback.java,com.google.api.client.googleapis.batch.json.JsonBatchCallback,class,6,8,2,6,2,1,0,2,1,0.0,0.0,0.0,2,0,2,0,0,0,2,1,1,0,0,0,0,0,0,0,0,0,0,6,0,0,0,0,0,0,0,0,0,0,0,0,0,0,41,1025,0
Project/google-api-java-client/google-api-client/src/main/java/com/google/api/client/googleapis/mtls/MtlsUtils.java,com.google.api.client.googleapis.mtls.MtlsUtils,class,3,5,2,3,1,1,0,0,0,0.0,NaN,NaN,1,1,1,0,0,0,1,0,0,0,1,1,0,1,0,0,1,0,0,81,1,0,0,0,0,0,0,1,0,1,0,0,1,0,24,1,0
Project/google-api-java-client/google-api-client/src/test/java/com/google/api/client/googleapis/auth/oauth2/CloudShellCredentialTest.java,com.google.api.client.googleapis.auth.oauth2.CloudShellCredentialTest$Anonymous1,anonymous,0,0,0,0,2,1,0,6,0,0.0,NaN,NaN,1,0,1,0,0,0,1,0,0,0,0,0,0,0,0,0,0,0,0,16,0,0,0,1,0,1,0,5,1,4,1,0,0,0,18,-1,0
Project/google-api-java-client/google-api-client/src/main/java/com/google/api/client/googleapis/json/GoogleJsonError.java,com.google.api.client.googleapis.json.GoogleJsonError,class,8,17,9,8,12,4,0,10,31,0.72727275,0.060606062,0.060606062,11,1,11,0,0,0,12,0,6,0,4,0,0,4,0,0,0,0,1,132,7,0,0,0,0,1,0,5,0,5,0,0,3,0,88,1,0
Project/google-api-java-client/google-api-client-xml/src/test/java/com/google/api/client/googleapis/xml/atom/GoogleAtomTest.java,com.google.api.client.googleapis.xml.atom.GoogleAtomTest$A,innerclass,4,4,0,4,0,1,0,0,0,NaN,-1.0,-1.0,0,0,0,0,0,0,0,0,0,0,4,0,0,0,0,4,0,0,0,6,0,0,0,0,0,0,0,0,0,4,0,0,0,0,8,0,0
Project/google-api-java-client/google-api-client-xml/src/test/java/com/google/api/client/googleapis/xml/atom/GoogleAtomTest.java,com.google.api.client.googleapis.xml.atom.GoogleAtomTest$B,innerclass,1,1,0,1,0,1,0,0,0,NaN,-1.0,-1.0,0,0,0,0,0,0,0,0,0,0,1,0,0,0,0,1,0,0,0,3,0,0,0,0,0,0,0,0,0,1,0,0,0,0,2,0,0
Project/google-api-java-client/google-api-client-xml/src/test/java/com/google/api/client/googleapis/xml/atom/GoogleAtomTest.java,com.google.api.client.googleapis.xml.atom.GoogleAtomTest$C,innerclass,3,3,0,3,0,1,0,0,0,NaN,-1.0,-1.0,0,0,0,0,0,0,0,0,0,0,3,0,0,0,0,3,0,0,0,5,0,0,0,0,0,0,0,0,0,3,0,0,0,0,7,0,0
Project/google-api-java-client/google-api-client/src/test/java/com/google/api/client/googleapis/media/MediaHttpDownloaderTest.java,com.google.api.client.googleapis.media.MediaHttpDownloaderTest,class,9,9,0,9,26,3,0,10,0,0.5,0.79532164,0.79532164,19,0,19,0,0,0,19,0,0,0,2,2,0,2,0,0,2,0,0,338,0,0,0,8,0,8,70,96,25,74,1,0,2,0,78,1,0
Project/google-api-java-client/google-api-client/src/main/java/com/google/api/client/googleapis/mtls/MtlsUtils.java,com.google.api.client.googleapis.mtls.MtlsUtils$DefaultMtlsProvider$EnvironmentProvider,interface,0,0,0,0,1,1,0,0,0,0.0,NaN,NaN,1,0,0,0,0,1,1,0,0,0,0,0,0,0,0,0,0,0,0,3,0,0,0,0,0,0,0,0,0,0,0,0,0,0,4,0,0
Project/google-api-java-client/google-api-client/src/test/java/com/google/api/client/googleapis/auth/oauth2/DefaultCredentialProviderTest.java,com.google.api.client.googleapis.auth.oauth2.DefaultCredentialProviderTest$MockRequestUrlRecordingTransport$Anonymous1,anonymous,1,1,0,1,1,1,0,2,0,0.0,NaN,NaN,1,0,1,0,0,0,1,0,0,0,0,0,0,0,0,0,0,0,0,6,0,0,0,0,0,1,0,0,0,0,0,0,0,0,11,-1,0
Project/google-api-java-client/google-api-client-xml/src/test/java/com/google/api/client/googleapis/xml/atom/GoogleAtomTest.java,com.google.api.client.googleapis.xml.atom.GoogleAtomTest$G,innerclass,2,2,0,2,0,2,0,0,0,NaN,-1.0,-1.0,0,0,0,0,0,0,0,0,0,0,1,0,0,0,0,1,0,0,0,3,0,0,0,0,0,0,0,0,0,1,0,0,0,0,4,0,0
Project/google-api-java-client/google-api-client/src/main/java/com/google/api/client/googleapis/json/GoogleJsonError.java,com.google.api.client.googleapis.json.GoogleJsonError$ParameterViolations,innerclass,1,1,0,1,4,1,0,0,2,0.5,0.33333334,0.33333334,4,0,4,0,0,0,4,0,0,0,2,0,0,2,0,0,0,0,0,16,2,0,0,0,0,0,0,2,0,2,0,0,0,0,7,9,0
Project/google-api-java-client/google-api-client/src/main/java/com/google/api/client/googleapis/services/json/AbstractGoogleJsonClient.java,com.google.api.client.googleapis.services.json.AbstractGoogleJsonClient,class,6,11,5,6,3,3,1,3,3,0.0,0.0,0.0,3,0,2,0,1,0,3,0,1,0,0,0,0,0,0,0,0,0,0,47,2,0,0,0,0,0,0,0,0,0,0,0,1,0,20,1025,0
Project/google-api-java-client/google-api-client/src/test/java/com/google/api/client/googleapis/media/MediaHttpDownloaderTest.java,com.google.api.client.googleapis.media.MediaHttpDownloaderTest$ProgressListenerWithTwoDownloadCalls,innerclass,2,2,0,2,5,1,0,4,1,0.5,0.0,0.0,2,0,2,0,0,0,2,0,0,0,1,0,0,0,0,1,0,0,0,19,0,0,1,0,0,0,4,0,0,1,1,0,0,0,15,10,0
Project/google-api-java-client/google-api-client/src/main/java/com/google/api/client/googleapis/services/GoogleClientRequestInitializer.java,com.google.api.client.googleapis.services.GoogleClientRequestInitializer,interface,1,12,11,1,1,1,0,0,0,0.0,NaN,NaN,1,0,0,0,0,1,1,0,0,0,0,0,0,0,0,0,0,0,0,3,0,0,0,0,0,0,0,0,0,0,0,0,0,0,36,1,0
Project/google-api-java-client/google-api-client-android/src/main/java/com/google/api/client/googleapis/extensions/android/gms/auth/GooglePlayServicesAvailabilityIOException.java,com.google.api.client.googleapis.extensions.android.gms.auth.GooglePlayServicesAvailabilityIOException,class,4,6,2,4,3,6,0,3,3,1.0,0.0,0.0,3,0,3,0,0,0,3,0,1,0,1,1,0,1,0,0,1,0,0,12,2,0,0,0,0,0,1,1,0,1,0,0,0,0,49,1,0
Project/google-api-java-client/google-api-client/src/main/java/com/google/api/client/googleapis/batch/BatchUnparsedResponse.java,com.google.api.client.googleapis.batch.BatchUnparsedResponse$Anonymous1,anonymous,0,0,0,0,1,1,0,0,0,0.0,NaN,NaN,1,0,1,0,0,0,1,0,0,0,0,0,0,0,0,0,0,0,0,4,0,0,0,0,0,0,0,0,0,0,0,0,0,0,1,-1,0
Project/google-api-java-client/google-api-client/src/test/java/com/google/api/client/googleapis/batch/BatchRequestStressTest.java,com.google.api.client.googleapis.batch.BatchRequestStressTest$Anonymous1$Anonymous2,anonymous,2,2,0,2,2,1,0,9,0,0.0,NaN,NaN,1,0,1,0,0,0,1,0,0,0,0,0,0,0,0,0,0,0,0,20,1,1,0,0,0,16,2,6,3,6,1,0,0,0,35,-1,0
Project/google-api-java-client/google-api-client/src/test/java/com/google/api/client/googleapis/javanet/GoogleNetHttpTransportTest.java,com.google.api.client.googleapis.javanet.GoogleNetHttpTransportTest,class,5,5,0,5,1,2,0,1,0,0.0,NaN,NaN,1,0,0,0,1,0,1,0,0,0,0,0,0,0,0,0,0,0,1,5,1,0,0,0,0,0,0,0,0,0,0,0,0,0,14,1,0
Project/google-api-java-client/google-api-client/src/main/java/com/google/api/client/googleapis/batch/BatchUnparsedResponse.java,com.google.api.client.googleapis.batch.BatchUnparsedResponse$FakeResponseHttpTransport,innerclass,3,3,0,3,2,2,0,0,0,0.0,1.0,1.0,2,0,0,0,1,1,2,0,0,0,4,0,0,4,0,0,0,0,0,16,1,0,0,0,0,0,0,4,0,4,0,0,0,0,18,10,0
Project/google-api-java-client/google-api-client/src/main/java/com/google/api/client/googleapis/auth/oauth2/DefaultCredentialProvider.java,com.google.api.client.googleapis.auth.oauth2.DefaultCredentialProvider$Environment,enum,0,0,0,0,0,1,0,0,0,0.0,-1.0,-1.0,0,0,0,0,0,0,0,0,0,0,0,0,0,0,0,0,0,0,0,1,0,0,0,0,0,0,0,0,0,0,0,0,0,0,13,10,0
Project/google-api-java-client/google-api-client/src/main/java/com/google/api/client/googleapis/batch/HttpRequestContent.java,com.google.api.client.googleapis.batch.HttpRequestContent,class,4,5,1,4,5,2,0,19,0,0.33333334,1.0,1.0,2,0,1,0,0,1,2,0,0,0,3,2,0,2,0,1,3,0,0,35,0,0,3,0,0,5,1,7,0,7,2,0,0,0,40,0,0
Project/google-api-java-client/google-api-client/src/test/java/com/google/api/client/googleapis/batch/BatchRequestTest.java,com.google.api.client.googleapis.batch.BatchRequestTest$MockDataClass1,innerclass,2,2,0,2,0,2,0,0,0,NaN,-1.0,-1.0,0,0,0,0,0,0,0,0,0,0,2,0,0,0,0,2,0,0,0,4,0,0,0,0,0,0,0,0,0,2,0,0,0,0,7,9,0
Project/google-api-java-client/google-api-client/src/test/java/com/google/api/client/googleapis/services/json/AbstractGoogleJsonClientTest.java,com.google.api.client.googleapis.services.json.AbstractGoogleJsonClientTest,class,12,12,0,12,2,2,0,10,0,0.0,NaN,NaN,1,0,1,0,0,0,1,0,0,0,0,0,0,0,0,0,0,0,0,31,0,0,0,1,0,7,1,5,1,5,1,1,0,0,30,1,0
Project/google-api-java-client/google-api-client/src/test/java/com/google/api/client/googleapis/batch/BatchRequestTest.java,com.google.api.client.googleapis.batch.BatchRequestTest$MockDataClass2,innerclass,2,2,0,2,0,2,0,0,0,NaN,-1.0,-1.0,0,0,0,0,0,0,0,0,0,0,2,0,0,0,0,2,0,0,0,4,0,0,0,0,0,0,0,0,0,2,0,0,0,0,7,9,0
Project/google-api-java-client/google-api-client/src/main/java/com/google/api/client/googleapis/auth/oauth2/DefaultCredentialProvider.java,com.google.api.client.googleapis.auth.oauth2.DefaultCredentialProvider,class,10,14,4,10,55,4,2,38,128,0.9191176,0.0,0.0,17,0,0,12,0,5,5,0,6,0,8,6,0,2,0,6,6,0,15,240,30,0,9,7,1,29,2,49,4,31,2,0,2,0,214,0,0
Project/google-api-java-client/google-api-client/src/test/java/com/google/api/client/googleapis/media/MediaHttpUploaderTest.java,com.google.api.client.googleapis.media.MediaHttpUploaderTest$ResumableProgressListenerWithTwoUploadCalls,innerclass,2,2,0,2,11,1,0,5,1,0.5,0.0,0.0,2,0,2,0,0,0,2,0,0,0,2,0,0,0,0,2,0,0,0,46,0,0,1,2,0,2,8,0,2,2,3,0,0,0,27,10,0
Project/google-api-java-client/google-api-client/src/main/java/com/google/api/client/googleapis/MethodOverride.java,com.google.api.client.googleapis.MethodOverride$Builder,innerclass,2,2,0,2,3,1,0,0,0,0.0,1.0,1.0,3,0,3,0,0,0,3,0,0,0,1,0,0,1,0,0,0,0,0,13,3,0,0,0,0,0,0,1,0,1,0,0,0,0,38,25,0
Project/google-api-java-client/google-api-client/src/main/java/com/google/api/client/googleapis/json/GoogleJsonResponseException.java,com.google.api.client.googleapis.json.GoogleJsonResponseException,class,9,15,6,9,19,2,0,30,0,0.625,0.16666667,0.16666667,4,2,4,0,0,0,4,0,1,0,2,1,0,2,0,0,2,0,1,76,3,0,7,2,0,1,1,16,0,10,5,0,0,0,124,1,0
Project/google-api-java-client/google-api-client/src/test/java/com/google/api/client/googleapis/auth/oauth2/DefaultCredentialProviderTest.java,com.google.api.client.googleapis.auth.oauth2.DefaultCredentialProviderTest,class,19,20,1,19,49,7,0,45,0,0.80952394,0.7017544,0.7017544,21,1,19,2,0,0,19,0,0,0,8,8,0,8,0,0,7,0,15,453,1,0,1,14,2,69,5,100,1,97,3,0,7,0,213,1,0
Project/google-api-java-client/google-api-client/src/main/java/com/google/api/client/googleapis/util/Utils.java,com.google.api.client.googleapis.util.Utils$TransportInstanceHolder,innerclass,2,2,0,2,0,1,0,0,0,NaN,-1.0,-1.0,0,0,0,0,0,0,0,0,0,0,1,1,0,0,0,1,1,0,0,3,0,0,0,0,0,0,0,1,0,1,0,0,0,0,12,10,0
Project/google-api-java-client/google-api-client/src/main/java/com/google/api/client/googleapis/testing/notifications/MockUnparsedNotificationCallback.java,com.google.api.client.googleapis.testing.notifications.MockUnparsedNotificationCallback,class,4,4,0,4,3,1,0,0,1,0.6666667,0.33333334,0.33333334,3,0,3,0,0,0,3,0,0,0,2,1,0,2,0,0,1,0,0,12,1,0,0,0,0,2,1,2,0,2,0,0,0,0,31,1,0
Project/google-api-java-client/google-api-client/src/main/java/com/google/api/client/googleapis/batch/BatchUnparsedResponse.java,com.google.api.client.googleapis.batch.BatchUnparsedResponse,class,17,19,2,17,43,4,0,49,31,0.8000001,1.0,1.0,10,2,0,8,0,2,2,0,0,0,7,0,0,5,0,2,4,0,5,237,12,6,18,0,7,10,23,44,6,33,3,1,3,0,156,16,0
Project/google-api-java-client/google-api-client/src/main/java/com/google/api/client/googleapis/auth/oauth2/GoogleRefreshTokenRequest.java,com.google.api.client.googleapis.auth.oauth2.GoogleRefreshTokenRequest,class,9,10,1,9,9,2,0,10,36,0.0,0.0,0.0,9,0,9,0,0,0,9,0,0,0,0,0,0,0,0,0,0,0,0,30,8,0,0,0,0,0,0,0,0,0,0,0,0,0,94,1,0
Project/google-api-java-client/google-api-client/src/main/java/com/google/api/client/googleapis/notifications/TypedNotificationCallback.java,com.google.api.client.googleapis.notifications.TypedNotificationCallback,class,9,11,2,9,5,1,0,9,6,1.0,0.0,0.0,4,0,1,0,3,0,4,3,1,0,1,1,0,1,0,0,1,0,0,16,0,0,1,0,0,0,1,5,0,5,1,0,0,0,87,1025,0
Project/google-api-java-client/google-api-client/src/test/java/com/google/api/client/googleapis/services/AbstractGoogleClientTest.java,com.google.api.client.googleapis.services.AbstractGoogleClientTest$A,innerclass,1,1,0,1,0,1,0,0,0,NaN,-1.0,-1.0,0,0,0,0,0,0,0,0,0,0,1,0,0,0,0,1,0,0,0,3,0,0,0,0,0,0,0,0,0,1,0,0,0,0,2,9,0
Project/google-api-java-client/google-api-client-protobuf/src/test/java/com/google/api/client/googleapis/services/protobuf/CommonGoogleProtoClientRequestInitializerTest.java,com.google.api.client.googleapis.services.protobuf.CommonGoogleProtoClientRequestInitializerTest$MyRequest,innerclass,4,4,0,4,1,4,0,0,0,1.0,NaN,NaN,1,0,0,0,1,0,1,0,0,0,1,0,0,0,0,1,0,0,0,6,0,0,0,0,0,0,0,0,0,1,0,0,0,0,11,9,0
Project/google-api-java-client/google-api-client-protobuf/src/main/java/com/google/api/client/googleapis/testing/services/protobuf/MockGoogleProtoClientRequest.java,com.google.api.client.googleapis.testing.services.protobuf.MockGoogleProtoClientRequest,class,8,9,1,8,4,4,0,3,6,0.0,0.0,0.0,4,0,4,0,0,0,4,0,0,0,0,0,0,0,0,0,0,0,0,14,3,0,0,0,0,0,0,0,0,0,0,0,0,0,72,1,0
Project/google-api-java-client/google-api-client/src/main/java/com/google/api/client/googleapis/javanet/GoogleNetHttpTransport.java,com.google.api.client.googleapis.javanet.GoogleNetHttpTransport,class,6,8,2,6,6,1,0,8,3,0.0,0.0,0.0,3,2,2,1,0,0,2,0,0,0,0,0,0,0,0,0,0,0,4,19,3,0,2,0,0,0,0,4,0,2,1,0,0,0,76,1,0
Project/google-api-java-client/google-api-client/src/main/java/com/google/api/client/googleapis/testing/auth/oauth2/MockGoogleCredential.java,com.google.api.client.googleapis.testing.auth.oauth2.MockGoogleCredential$MockClientAuthentication,innerclass,3,3,0,3,1,1,0,0,0,0.0,NaN,NaN,1,0,1,0,0,0,1,0,0,0,0,0,0,0,0,0,0,0,0,4,0,0,0,0,0,0,0,0,0,0,0,0,0,0,12,10,0
Project/google-api-java-client/google-api-client/src/main/java/com/google/api/client/googleapis/media/MediaHttpUploader.java,com.google.api.client.googleapis.media.MediaHttpUploader$UploadState,enum,0,0,0,0,0,1,0,0,0,0.0,-1.0,-1.0,0,0,0,0,0,0,0,0,0,0,0,0,0,0,0,0,0,0,0,6,0,0,0,0,0,0,0,0,0,0,0,0,0,0,38,1,0
Project/google-api-java-client/google-api-client/src/test/java/com/google/api/client/googleapis/json/GoogleJsonErrorTest.java,com.google.api.client.googleapis.json.GoogleJsonErrorTest,class,14,16,2,14,5,3,0,18,0,0.5,1.0,1.0,5,0,5,0,0,0,5,0,0,0,4,4,1,0,0,3,4,0,4,67,0,0,0,0,0,49,1,28,4,28,0,0,1,0,70,1,0
Project/google-api-java-client/google-api-client/src/test/java/com/google/api/client/googleapis/media/MediaHttpUploaderTest.java,com.google.api.client.googleapis.media.MediaHttpUploaderTest$MediaTransport,innerclass,5,5,0,5,8,2,0,2,4,0.9166667,0.16666667,0.16666667,4,0,2,0,0,2,4,0,0,0,15,0,0,0,0,15,1,0,0,165,3,0,0,0,0,2,1,3,1,15,3,2,0,0,60,8,0
Project/google-api-java-client/google-api-client/src/main/java/com/google/api/client/googleapis/services/AbstractGoogleClient.java,com.google.api.client.googleapis.services.AbstractGoogleClient,class,9,17,8,9,24,1,3,21,69,0.8466667,0.17142858,0.74285716,15,2,11,0,2,2,15,0,10,0,10,1,0,10,0,0,10,0,3,176,13,0,3,0,0,13,3,15,3,11,2,0,1,0,157,1025,0
Project/google-api-java-client/google-api-client/src/main/java/com/google/api/client/googleapis/auth/oauth2/GoogleAuthorizationCodeFlow.java,com.google.api.client.googleapis.auth.oauth2.GoogleAuthorizationCodeFlow,class,7,8,1,7,6,3,0,13,5,0.5,0.33333334,0.4,6,0,5,0,1,0,6,0,2,0,2,0,0,2,0,0,2,0,0,102,4,0,0,0,0,5,0,2,0,2,0,0,1,0,144,1,0
Project/google-api-java-client/google-api-client/src/test/java/com/google/api/client/googleapis/batch/BatchRequestTest.java,com.google.api.client.googleapis.batch.BatchRequestTest$TestCallbackBaseAdapter,innerclass,9,9,0,9,9,1,0,21,0,0.0,1.0,1.0,2,0,1,0,1,0,2,0,0,0,1,0,0,0,1,0,1,0,0,36,0,1,0,0,0,0,0,6,0,6,3,0,0,0,32,1034,0
Project/google-api-java-client/google-api-client/src/test/java/com/google/api/client/googleapis/auth/oauth2/GoogleAuthorizationCodeRequestUrlTest.java,com.google.api.client.googleapis.auth.oauth2.GoogleAuthorizationCodeRequestUrlTest,class,2,2,0,2,1,2,0,4,0,0.0,NaN,NaN,1,0,1,0,0,0,1,0,0,0,1,1,0,1,0,0,1,0,1,6,0,0,0,0,0,9,0,1,1,1,0,0,0,0,29,1,0
Project/google-api-java-client/google-api-client/src/main/java/com/google/api/client/googleapis/GoogleUtils.java,com.google.api.client.googleapis.GoogleUtils,class,2,6,4,2,8,1,0,11,3,0.9444444,0.0,0.0,3,2,1,2,0,0,2,0,0,1,6,6,4,0,0,2,5,0,5,38,2,0,3,1,0,6,3,12,0,11,2,0,0,0,72,17,0
Project/google-api-java-client/google-api-client/src/main/java/com/google/api/client/googleapis/batch/BatchUnparsedResponse.java,com.google.api.client.googleapis.batch.BatchUnparsedResponse$FakeLowLevelHttpResponse,innerclass,1,1,0,1,11,2,0,2,43,0.79545456,0.10909091,0.27272728,11,0,10,0,0,1,11,0,0,0,4,0,0,4,0,0,0,0,0,42,10,0,0,0,0,0,1,6,0,4,0,0,0,0,28,10,0
Project/google-api-java-client/google-api-client-android/src/main/java/com/google/api/client/googleapis/extensions/android/gms/auth/GoogleAuthIOException.java,com.google.api.client.googleapis.extensions.android.gms.auth.GoogleAuthIOException,class,2,4,2,2,2,4,1,3,1,1.0,0.0,0.0,2,0,2,0,0,0,2,0,0,0,1,1,0,1,0,0,1,0,0,9,1,0,0,0,0,0,1,1,0,1,0,0,0,0,30,1,0
Project/google-api-java-client/google-api-client/src/main/java/com/google/api/client/googleapis/services/json/CommonGoogleJsonClientRequestInitializer.java,com.google.api.client.googleapis.services.json.CommonGoogleJsonClientRequestInitializer,class,5,7,2,5,5,3,0,2,10,0.0,0.0,0.0,5,0,4,0,1,0,5,0,1,0,0,0,0,0,0,0,0,0,0,22,0,0,0,0,0,0,0,0,0,0,0,0,1,0,81,1,0
Project/google-api-java-client/google-api-client/src/test/java/com/google/api/client/googleapis/services/AbstractGoogleClientTest.java,com.google.api.client.googleapis.services.AbstractGoogleClientTest$GZipCheckerInterceptor,innerclass,3,3,0,3,3,1,0,3,0,0.0,1.0,1.0,2,0,2,0,0,0,2,0,0,0,1,0,0,1,0,0,0,0,0,9,0,0,1,0,1,0,0,1,0,1,0,0,0,0,16,10,0
Project/google-api-java-client/google-api-client-protobuf/src/main/java/com/google/api/client/googleapis/services/protobuf/CommonGoogleProtoClientRequestInitializer.java,com.google.api.client.googleapis.services.protobuf.CommonGoogleProtoClientRequestInitializer,class,5,7,2,5,5,2,0,2,10,0.0,0.0,0.0,5,0,4,0,1,0,5,0,1,0,0,0,0,0,0,0,0,0,0,17,0,0,0,0,0,0,0,0,0,0,0,0,0,0,81,1,0
Project/google-api-java-client/google-api-client/src/test/java/com/google/api/client/googleapis/util/UtilsTest.java,com.google.api.client.googleapis.util.UtilsTest,class,5,5,0,5,2,2,0,5,1,0.0,0.0,0.0,2,0,2,0,0,0,2,0,0,0,0,0,0,0,0,0,0,0,4,15,0,0,0,0,0,0,0,4,0,4,0,0,0,0,23,1,0
Project/google-api-java-client/google-api-client-protobuf/src/main/java/com/google/api/client/googleapis/testing/services/protobuf/MockGoogleProtoClient.java,com.google.api.client.googleapis.testing.services.protobuf.MockGoogleProtoClient$Builder,innerclass,7,7,0,7,10,3,0,8,45,0.0,0.0,0.0,10,0,10,0,0,0,10,0,0,0,0,0,0,0,0,0,0,0,0,32,9,0,0,0,0,0,0,0,0,0,0,0,0,0,49,9,0
Project/google-api-java-client/google-api-client/src/main/java/com/google/api/client/googleapis/auth/oauth2/OAuth2Utils.java,com.google.api.client.googleapis.auth.oauth2.OAuth2Utils,class,9,15,6,9,14,1,0,18,10,0.84,0.0,0.0,5,5,1,0,0,4,5,0,0,0,5,5,0,4,0,1,5,0,6,60,9,2,1,2,1,11,3,13,1,13,3,0,0,0,82,1,0
Project/google-api-java-client/google-api-client/src/test/java/com/google/api/client/googleapis/media/MediaHttpUploaderTest.java,com.google.api.client.googleapis.media.MediaHttpUploaderTest$TimeoutRequestInitializer,innerclass,4,4,0,4,1,1,0,1,0,0.0,NaN,NaN,1,0,1,0,0,0,1,0,0,0,0,0,0,0,0,0,0,0,0,14,0,0,0,0,0,0,0,0,0,0,0,0,1,0,8,0,0
Project/google-api-java-client/google-api-client/src/main/java/com/google/api/client/googleapis/batch/BatchUnparsedResponse.java,com.google.api.client.googleapis.batch.BatchUnparsedResponse$FakeLowLevelHttpRequest,innerclass,3,3,0,3,3,2,0,0,1,0.33333334,0.33333334,0.33333334,3,0,2,0,0,1,3,0,0,0,4,0,0,4,0,0,0,0,0,18,1,0,0,0,0,0,0,5,0,5,0,0,0,0,20,10,0
Project/google-api-java-client/google-api-client-gson/src/main/java/com/google/api/client/googleapis/notifications/json/gson/GsonNotificationCallback.java,com.google.api.client.googleapis.notifications.json.gson.GsonNotificationCallback,class,4,4,0,4,1,3,0,1,0,1.0,NaN,NaN,1,0,0,0,1,0,1,0,0,0,1,1,0,1,0,0,1,0,0,6,1,0,0,0,0,0,1,1,0,1,0,0,0,0,61,1025,0
Project/google-api-java-client/google-api-client/src/main/java/com/google/api/client/googleapis/auth/oauth2/GoogleIdTokenVerifier.java,com.google.api.client.googleapis.auth.oauth2.GoogleIdTokenVerifier,class,9,13,4,9,16,3,0,11,0,0.16666667,0.6818182,0.6818182,12,0,11,0,1,0,12,0,6,0,1,0,0,1,0,0,1,0,1,94,11,1,0,0,0,0,0,2,0,2,2,0,1,0,151,1,0
Project/google-api-java-client/google-api-client-xml/src/test/java/com/google/api/client/googleapis/xml/atom/GoogleAtomTest.java,com.google.api.client.googleapis.xml.atom.GoogleAtomTest,class,4,4,0,4,3,3,0,2,3,0.0,0.0,0.0,3,0,3,0,0,0,3,0,0,0,0,0,0,0,0,0,0,0,2,29,0,0,0,0,0,2,0,0,0,0,0,0,4,0,15,1,0
Project/google-api-java-client/google-api-client/src/test/java/com/google/api/client/googleapis/mtls/MtlsUtilsTest.java,com.google.api.client.googleapis.mtls.MtlsUtilsTest$TestCertProviderCommandProcess,innerclass,0,0,0,0,8,2,0,0,19,0.71428573,0.04761905,0.04761905,7,0,7,0,0,0,7,0,0,0,2,0,0,2,0,0,0,0,0,28,5,0,0,0,0,0,1,2,0,2,1,0,0,0,23,8,0
Project/google-api-java-client/google-api-client/src/test/java/com/google/api/client/googleapis/services/AbstractGoogleClientRequestTest.java,com.google.api.client.googleapis.services.AbstractGoogleClientRequestTest,class,17,18,1,17,22,4,0,27,24,0.64705884,0.38333333,0.38333333,17,0,14,1,2,0,16,0,0,0,8,6,0,8,0,0,6,0,13,228,0,2,0,2,0,62,0,51,5,49,1,5,2,0,115,1,0
Project/google-api-java-client/google-api-client/src/test/java/com/google/api/client/googleapis/auth/oauth2/GoogleCredentialTest.java,com.google.api.client.googleapis.auth.oauth2.GoogleCredentialTest,class,10,12,2,10,39,2,0,54,0,0.66956526,0.8300395,0.8300395,23,1,22,0,0,1,23,0,0,0,5,5,0,5,0,0,5,0,22,374,1,0,3,13,0,106,0,121,1,119,1,0,0,0,157,1,0
Project/google-api-java-client/google-api-client/src/test/java/com/google/api/client/googleapis/auth/oauth2/DefaultCredentialProviderTest.java,com.google.api.client.googleapis.auth.oauth2.DefaultCredentialProviderTest$MockEnvironmentEnum,enum,0,0,0,0,0,1,0,0,0,0.0,-1.0,-1.0,0,0,0,0,0,0,0,0,0,0,0,0,0,0,0,0,0,0,0,1,0,0,0,0,0,0,0,0,0,0,0,0,0,0,5,2,0
Project/google-api-java-client/google-api-client/src/test/java/com/google/api/client/googleapis/batch/BatchRequestTest.java,com.google.api.client.googleapis.batch.BatchRequestTest$TestCallback3,innerclass,2,2,0,2,3,1,0,1,3,0.6666667,0.0,0.0,3,0,2,0,0,1,3,0,0,0,2,0,0,0,0,2,0,0,0,14,0,0,0,0,0,0,0,0,0,2,0,0,0,0,17,10,0
Project/google-api-java-client/google-api-client/src/main/java/com/google/api/client/googleapis/auth/oauth2/GoogleAuthorizationCodeTokenRequest.java,com.google.api.client.googleapis.auth.oauth2.GoogleAuthorizationCodeTokenRequest,class,9,12,3,9,11,2,0,13,55,0.0,0.0,0.0,11,0,11,0,0,0,11,0,0,0,0,0,0,0,0,0,0,0,0,39,9,0,0,0,0,0,0,0,0,0,0,0,0,0,117,1,0
Project/google-api-java-client/google-api-client/src/test/java/com/google/api/client/googleapis/services/AbstractGoogleClientTest.java,com.google.api.client.googleapis.services.AbstractGoogleClientTest$MediaTransport,innerclass,4,4,0,4,3,2,0,2,1,1.0,0.0,0.0,2,0,1,0,1,0,2,0,0,0,4,0,0,0,0,4,0,0,0,48,2,0,0,0,0,1,0,2,0,4,1,2,0,0,20,10,0
Project/google-api-java-client/google-api-client/src/test/java/com/google/api/client/googleapis/services/CommonGoogleClientRequestInitializerTest.java,com.google.api.client.googleapis.services.CommonGoogleClientRequestInitializerTest,class,10,10,0,10,4,4,0,15,6,0.0,0.0,0.0,4,0,4,0,0,0,4,0,0,0,0,0,0,0,0,0,0,0,3,40,0,0,0,0,0,26,0,15,0,15,0,0,1,0,35,1,0
Project/google-api-java-client/google-api-client/src/test/java/com/google/api/client/googleapis/batch/BatchRequestTest.java,com.google.api.client.googleapis.batch.BatchRequestTest$TestCallback2,innerclass,6,6,0,6,3,1,0,9,3,0.6666667,0.0,0.0,3,0,2,0,0,1,3,0,0,0,2,0,0,0,0,2,0,0,0,21,0,0,0,0,0,0,1,2,0,4,0,0,0,0,22,10,0
Project/google-api-java-client/google-api-client/src/test/java/com/google/api/client/googleapis/batch/BatchRequestTest.java,com.google.api.client.googleapis.batch.BatchRequestTest$TestCallback1,innerclass,4,4,0,4,3,1,0,2,3,0.6666667,0.0,0.0,3,0,2,0,0,1,3,0,0,0,1,0,0,0,0,1,0,0,0,13,0,0,0,0,0,1,0,0,0,1,0,0,0,0,24,10,0
Project/google-api-java-client/google-api-client-appengine/src/main/java/com/google/api/client/googleapis/extensions/appengine/notifications/AppEngineNotificationServlet.java,com.google.api.client.googleapis.extensions.appengine.notifications.AppEngineNotificationServlet,class,5,5,0,5,1,2,0,2,0,1.0,NaN,NaN,1,0,0,0,1,0,1,0,0,0,1,1,0,1,0,0,1,0,1,6,0,0,0,0,0,0,1,1,0,1,0,0,0,0,67,1,0
Project/google-api-java-client/google-api-client/src/test/java/com/google/api/client/googleapis/auth/oauth2/CloudShellCredentialTest.java,com.google.api.client.googleapis.auth.oauth2.CloudShellCredentialTest,class,5,5,0,5,1,1,0,6,0,0.0,NaN,NaN,1,0,1,0,0,0,1,0,0,0,0,0,0,0,0,0,0,0,0,26,0,0,0,0,0,1,1,4,0,4,0,1,0,0,23,1,0
Project/google-api-java-client/google-api-client/src/main/java/com/google/api/client/googleapis/auth/oauth2/GoogleCredential.java,com.google.api.client.googleapis.auth.oauth2.GoogleCredential$Builder,innerclass,15,15,0,15,28,2,0,22,356,0.9166667,0.02910053,0.02910053,28,0,28,0,0,0,28,0,6,0,6,0,0,0,0,6,0,0,0,106,27,0,0,0,0,4,0,10,0,8,0,0,0,0,137,9,0
Project/google-api-java-client/google-api-client/src/main/java/com/google/api/client/googleapis/media/MediaHttpUploaderProgressListener.java,com.google.api.client.googleapis.media.MediaHttpUploaderProgressListener,interface,1,5,4,1,1,1,0,0,0,0.0,NaN,NaN,1,0,1,0,0,0,1,0,0,0,0,0,0,0,0,0,0,0,0,3,0,0,0,0,0,0,0,0,0,0,0,0,0,0,72,1,0
Project/google-api-java-client/google-api-client/src/test/java/com/google/api/client/googleapis/batch/BatchRequestTest.java,com.google.api.client.googleapis.batch.BatchRequestTest$MockTransport,innerclass,4,4,0,4,2,2,0,0,1,0.6666667,0.0,0.0,2,0,1,0,0,1,2,0,0,0,9,0,0,0,0,9,5,0,0,110,1,0,0,0,0,0,0,5,0,9,0,1,0,0,24,10,0
Project/google-api-java-client/google-api-client/src/test/java/com/google/api/client/googleapis/services/json/AbstractGoogleJsonClientTest.java,com.google.api.client.googleapis.services.json.AbstractGoogleJsonClientTest$Anonymous1$Anonymous2,anonymous,2,2,0,2,1,1,0,3,0,0.0,NaN,NaN,1,0,1,0,0,0,1,0,0,0,0,0,0,0,0,0,0,0,0,9,1,0,0,0,0,3,0,1,1,1,0,0,0,0,7,-1,0
Project/google-api-java-client/google-api-client/src/test/java/com/google/api/client/googleapis/services/AbstractGoogleClientRequestTest.java,com.google.api.client.googleapis.services.AbstractGoogleClientRequestTest$AssertHeaderTransport$Anonymous11,anonymous,2,2,0,2,1,1,0,4,0,0.0,NaN,NaN,1,0,1,0,0,0,1,0,0,0,0,0,0,0,0,0,0,0,1,7,1,0,0,0,0,1,0,1,0,1,0,0,0,0,23,-1,0
Project/google-api-java-client/google-api-client/src/test/java/com/google/api/client/googleapis/services/CommonGoogleClientRequestInitializerTest.java,com.google.api.client.googleapis.services.CommonGoogleClientRequestInitializerTest$MyRequest,innerclass,4,4,0,4,1,3,0,0,0,1.0,NaN,NaN,1,0,0,0,1,0,1,0,0,0,1,0,0,0,0,1,0,0,0,6,0,0,0,0,0,0,0,0,0,1,0,0,0,0,10,9,0
Project/google-api-java-client/google-api-client/src/main/java/com/google/api/client/googleapis/services/json/CommonGoogleJsonClientRequestInitializer.java,com.google.api.client.googleapis.services.json.CommonGoogleJsonClientRequestInitializer$Builder,innerclass,2,2,0,2,1,2,0,0,0,0.0,NaN,NaN,1,0,0,0,1,0,1,0,0,0,0,0,0,0,0,0,0,0,0,5,1,0,0,0,0,0,0,0,0,0,0,0,0,0,8,9,0
Project/google-api-java-client/google-api-client/src/test/java/com/google/api/client/googleapis/auth/oauth2/GoogleClientSecretsTest.java,com.google.api.client.googleapis.auth.oauth2.GoogleClientSecretsTest,class,4,4,0,4,1,2,0,6,0,0.0,NaN,NaN,1,0,1,0,0,0,1,0,0,0,3,3,0,3,0,0,3,0,1,12,0,0,0,0,0,5,0,5,1,5,0,0,0,0,33,1,0
Project/google-api-java-client/google-api-client-protobuf/src/main/java/com/google/api/client/googleapis/services/protobuf/AbstractGoogleProtoClientRequest.java,com.google.api.client.googleapis.services.protobuf.AbstractGoogleProtoClientRequest,class,10,15,5,10,8,3,0,5,19,0.71428573,0.04761905,0.04761905,7,0,6,0,1,0,7,0,1,0,1,0,0,1,0,0,1,0,0,25,5,0,1,0,0,0,0,1,0,1,0,0,0,0,101,1025,0
